customer,customer_type,loan_type,country,amount,currency,exchange_rate,start_date,maturity_date,reference_date
01f259b4c6ce07c68d37c859cf6dfe063fb75fedf39464dabe0936ec0364d663,household,unsecured personal loan,fi,4540.0,eur,11.4308,2027-09-09,2021-09-09,2023-11-30
01f9cbc3a44cfb87f57a2faee345dd4451075e6de7439ed41677fc0bbc5f649e,household,unsecured personal loan,fi,96.59,eur,11.4308,2026-09-01,2021-09-01,2023-11-30
0032d8a52578e8b96416398d6ee409cc33c6209a3b7829909d94bae8b06093fd,household,credit card,no,14735.12,nok,0.97532,2024-08-18,2023-08-18,2023-11-30
00df76c5c449083831102e0a85377b3b07ee70c8968d20ae47b252215bdf8141,household,credit card,no,8391.74,nok,0.97532,2024-08-29,2023-08-29,2023-11-30
02483eae1c55a920ad32ca82503f5fa8775d257ccb950227108c89cbef883c58,household,credit card,no,14267.64,nok,0.97532,2024-09-01,2023-09-01,2023-11-30
0276c9b2fcec6f2f96ef137c92c837c941b27a5cf8bd34f5e9ea5e7b10c64e1e,household,credit card,no,3205.01,nok,0.97532,2024-08-22,2023-08-22,2023-11-30
03e22f7148ca10ef2232aa89a7644d7f33bcbed9442a4b0df60fadbb8649a036,household,credit card,no,982.09,nok,0.97532,2024-08-16,2023-08-16,2023-11-30
00036b5569a912fe0578bad36ad9a91ecb44c623f4eed0c789d90956eec6398e,financial corporation,corporate leasing,se,,sek,1.0,2026-10-06,2021-10-06,2023-11-30
004f5ab313feef44aa913cb8ea2636b9344f59711b429c7fa1465ace67b8a7f9,financial corporation,corporate leasing,se,725583.62,sek,1.0,2025-02-28,2021-09-30,2023-11-30
007164f3cab3e5946e67de66a03adf649cc7e4a3b690567f4886d1668c9adc41,financial corporation,corporate leasing,se,,sek,1.0,2025-01-02,2022-01-02,2023-11-30
0075a47b60c99cf33cf8a651e566acb04672c820eb21438823edf6e09829e753,financial corporation,corporate leasing,se,29633.63,sek,1.0,2025-11-11,2021-11-11,2023-11-30
009b9e5d5fd0a1856fce2d636f7c57dd3594e20e62d32914e4c8e6749eb7a453,financial corporation,corporate leasing,se,225708.02,sek,1.0,2027-03-07,2022-03-07,2023-11-30
00c09c1cbe377f6e57537ebf60b45451c517839615cba0cc1e81cf6bcedb93e0,financial corporation,corporate leasing,se,651099.71,sek,1.0,2027-12-06,2022-12-06,2023-11-30
0161737cf06835761885bd1b3641855df4bc6af35da55b5f9c03fabe23be72ff,financial corporation,corporate leasing,se,147648.0,sek,1.0,2028-10-16,2023-10-16,2023-11-30
01633b71ec2acdd915169bac2a4412eb52dd63c661b0c4dff4f6fd5c8b08e51a,financial corporation,corporate leasing,se,581692.36,sek,1.0,2029-09-20,2023-09-20,2023-11-30
01724288d2f50f0a39a9c4bfd83c8adf11781f114b6cf01224a844e9ec1b9805,financial corporation,corporate leasing,se,1929983.76,sek,1.0,2027-08-15,2022-08-15,2023-11-30
01954d4955015288aa9130b504f5236576731501e4aaea5f06b442af3ec76a65,financial corporation,corporate leasing,se,18507.14,sek,1.0,2027-05-16,2023-05-16,2023-11-30
01a961c5d99c8123a374c3f30b6a168ab74163468e79d730e92419335d156000,financial corporation,corporate leasing,se,1330011.73,sek,1.0,2026-02-07,2022-02-07,2023-11-30
01f12215152c16634dd49187ddb299a52f6145d7e632a681c913eb0238a0a72a,financial corporation,corporate leasing,se,117236.91,sek,1.0,2027-12-20,2022-12-20,2023-11-30
024eb24e29d8fb93c52cb26ef83245b722772791e68b1af1074c7c96cc84151b,financial corporation,corporate leasing,se,14254.75,sek,1.0,2025-12-13,2021-12-13,2023-11-30
025322484ab5c143dcb9412fbdc5bce100804e35b3162afbaf2f7e56d385a146,financial corporation,corporate leasing,se,1066752.88,sek,1.0,2027-12-21,2022-12-21,2023-11-30
03cb0d5b66e118eeba9b591c159bb58378d00fa6ef39e429ab768fbe39f52855,financial corporation,corporate leasing,se,2061.0,sek,1.0,2025-01-02,2022-01-02,2023-11-30
000b507ed1414d43d3128a73a2aae676d62670b4898a71f254bf2b0eb59ec323,household,unsecured personal loan,se,34481.0,sek,1.0,2031-05-17,2023-05-17,2023-11-30
000ba41d35ab8ded4161e82cc04f781d4ad83d75a45c9ed1ae2739f39bb7881a,household,unsecured personal loan,se,19753.08,sek,1.0,2029-07-17,2023-07-18,2023-11-30
002019b5491782aeaa150d728fbff288e31e1262f431b5a71d9cd61f2f3e93b3,household,unsecured personal loan,se,11333.35,sek,1.0,2025-07-03,2020-07-04,2023-11-30
002303f5b5e48ddab7579793c42db40629749412f78a4c95eb32292b05fa5b9b,household,unsecured personal loan,se,50000.0,sek,1.0,2030-11-24,2023-11-24,2023-11-30
002a56219e3513e8d38f424a2f55542afa402239729ce4f426d443a38e096817,household,unsecured personal loan,se,13899.15,sek,1.0,2026-04-05,2019-12-01,2023-11-30
00380a584af19040198191b957b7541f84fe59bd00932e1dba95bf60f5f07a25,household,unsecured personal loan,se,7114.0,sek,1.0,2025-12-28,2021-10-05,2023-11-30
003d1afaf0c3916f40434d49bd1f595e3baf60f814acc440624d94d298a73695,household,unsecured personal loan,se,23025.0,sek,1.0,2028-08-04,2022-08-04,2023-11-30
003d732f34775c4dce3fb90f4050b7566f826353db3bd1f60b171aa39bcad4b9,household,unsecured personal loan,se,18174.52,sek,1.0,2025-03-04,2019-12-01,2023-11-30
0042155179cb3c47f0c4258097d3b58b46536fa8e92dfb849439e1bd8fa018f5,household,unsecured personal loan,se,47298.47,sek,1.0,2027-08-04,2023-08-04,2023-11-30
0046c1b1cd4e9ad7352bf7d2c789d5039838a2022cda78ba8d92a898837ba204,household,unsecured personal loan,se,25030.73,sek,1.0,2029-09-15,2023-09-16,2023-11-30
004ba360ef94647028204be9ad2ff3becef3d9859cc1a7900e6cb7037e3d1c60,household,unsecured personal loan,se,24989.54,sek,1.0,2029-09-18,2023-09-19,2023-11-30
004fde754eace554998e3b01dc88920ff50e99842368a20d4f41bef8afbdaf28,household,unsecured personal loan,se,124409.47,sek,1.0,2035-04-26,2023-04-26,2023-11-30
0053ff1795f05c51de9c1a6a0d82b14924199d6dde138ec3583634a18b8fa8d7,household,unsecured personal loan,se,21970.72,sek,1.0,2029-05-12,2020-04-29,2023-11-30
006128f57a63b717566b2569c9b6f9375512ac2d9d4d8abeaa15730c4b254d08,household,unsecured personal loan,se,48756.88,sek,1.0,2031-05-31,2023-05-31,2023-11-30
006d1d692577cc3102e6b877eaaf9e7d3995ec337c60b5088b1bd7d4d0984755,household,unsecured personal loan,se,17985.63,sek,1.0,2026-07-05,2023-07-05,2023-11-30
007000c4d292eb9cd93320a2bf02a79eb31c69886f26eba8240acbb91143b854,household,unsecured personal loan,se,49055.24,sek,1.0,2029-07-21,2023-07-21,2023-11-30
0072706682015e2bb4890f5cdbeb4aae49f240de2950c3778fe910098fcd3f02,household,unsecured personal loan,se,24485.65,sek,1.0,2029-10-13,2023-10-14,2023-11-30
0076c3621f2aba6a4b05346aeb57e81f10d4de61905200759c4465ddaab786fb,household,unsecured personal loan,se,38956.75,sek,1.0,2029-10-11,2023-10-11,2023-11-30
0081475c05590bd52e79090e0a367c850c8cf7e355fd222abed1e3c1ce24b557,household,unsecured personal loan,se,19607.93,sek,1.0,2026-10-30,2023-10-30,2023-11-30
008215a73db6ec47edc8ad6c2d620f5c1ab2f8adbe1dbeba2366bdb832da2af2,household,unsecured personal loan,se,3830.12,sek,1.0,2030-03-08,2023-09-12,2023-11-30
0089538b7c3cf03dd789ac04cb4a25252af3cd36c4e7737b0ae77b53aab3cedf,household,unsecured personal loan,se,1908.82,sek,1.0,2025-12-31,2021-09-24,2023-11-30
00938e1f9fa5ecb483d0c4b89816485ee2a987b3343aae5e3840b6c7eda58e5c,household,unsecured personal loan,se,7444.21,sek,1.0,2025-03-03,2022-10-18,2023-11-30
00939399564bfc8f1c74049ea1b4c9c70e468c3c847be14c31675549f3e8e583,household,unsecured personal loan,se,47147.0,sek,1.0,2032-02-04,2022-02-04,2023-11-30
0095bbab36713b62d04b8890db52328aa1a49b92afbed8cf37d7734848791074,household,unsecured personal loan,se,8191.0,sek,1.0,2024-11-12,2020-10-01,2023-11-30
00a35e228149241c2df93807dd68ef1a1a02082b8aa7dc18ec80ea1eab0de496,household,unsecured personal loan,se,47284.59,sek,1.0,2029-09-19,2019-12-01,2023-11-30
00a3c5e47c8ccca35e40f4d9523ff8666a05b082d2544e148ac979f784247887,household,unsecured personal loan,se,92676.72,sek,1.0,2032-03-08,2022-03-09,2023-11-30
00b60309caa7b457de10ef1a10247889c409d35fe278fdbb6557ca3498ca6fb3,household,unsecured personal loan,se,32586.86,sek,1.0,2026-10-25,2019-12-01,2023-11-30
00b98fe76e455465339d293bb018229f0930afc88b457452715d426484b06b8c,household,unsecured personal loan,se,61432.0,sek,1.0,2033-12-16,2021-12-16,2023-11-30
00c283d0746cf4befff6f17603bf00f1217b1f6269fe05c0ae37beda8e53f100,household,unsecured personal loan,se,3100.49,sek,1.0,2025-12-31,2019-12-01,2023-11-30
00ca5b64627f0aea8dba9acb43207940a8a9356f180b39cd12670b0ae12ac50c,household,unsecured personal loan,se,8206.9,sek,1.0,2025-01-23,2020-01-24,2023-11-30
00ce124c0b54400a888ddf01c38a699ff7ffce850fe5efa1f9c431d315714e24,household,unsecured personal loan,se,19179.0,sek,1.0,2027-01-28,2023-10-10,2023-11-30
00ce4f033a9e22a13733221983d320caa4c25c0f2ad4fd1d274d49947b8a251b,household,unsecured personal loan,se,21534.52,sek,1.0,2027-08-17,2022-08-18,2023-11-30
00ceb960d6e6eb7147cab2554b433a1aaaaf91f0c5bf2da4b6b91a0a09ee91ab,household,unsecured personal loan,se,30497.23,sek,1.0,2026-06-23,2019-12-01,2023-11-30
00d63c29b140a9a40775bb588c50681f7a9fe0fdee72e09ace90b9d9cc244afe,household,unsecured personal loan,se,369.0,sek,1.0,2024-12-31,2019-12-01,2023-11-30
00d679352f80968ec710935b8a54e9916733c375f898971dbaade4abdb7080a1,household,unsecured personal loan,se,17813.65,sek,1.0,2026-07-14,2023-07-14,2023-11-30
00d6a2f83314bc34f16dda427f2bd202d5b83ebe4747c357fd2dfc2749837f9a,household,unsecured personal loan,se,14579.0,sek,1.0,2028-10-07,2022-10-07,2023-11-30
00dc035fe817374d874e3d50f94bb239c088c8fa002e5fd379f7cfa4f81a71c5,household,unsecured personal loan,se,24863.9,sek,1.0,2029-08-18,2021-01-05,2023-11-30
00dd93d383b295611016ffaa57f1f8fd90fb1316bcfecabdbdb5fecc6730c6eb,household,unsecured personal loan,se,23643.0,sek,1.0,2028-04-26,2023-04-26,2023-11-30
00dda828bcb1417b9c4fa92d7ae004e84ecb68818eae549a9e136d944874dc0b,household,unsecured personal loan,se,23449.0,sek,1.0,2029-01-09,2023-01-09,2023-11-30
00e20e1ad07b384fbe4bab0ca7676ad350e4ea2615393efcee8d0e7276fc2946,household,unsecured personal loan,se,43988.06,sek,1.0,2030-04-23,2019-12-01,2023-11-30
00e5381ac22dc499a8aafa1d573c6b3fd74d342639bc0946e3a2e5c73f7cc642,household,unsecured personal loan,se,30116.0,sek,1.0,2026-12-28,2023-10-10,2023-11-30
00e98cb61dc55a8b4ef519b03520e8ac054b80ecffe9886f3c493eff4b5e77b2,household,unsecured personal loan,se,24955.0,sek,1.0,2027-12-14,2021-12-14,2023-11-30
00eb477c5e9055970543cd99aaf09388ecd9c06bc214b6757c39237e203de87a,household,unsecured personal loan,se,7532.16,sek,1.0,2024-12-04,2019-12-05,2023-11-30
00ef034f5fe9888f96a35e74d573908c8a3d747ba9b9e9394110c42e55103548,household,unsecured personal loan,se,20789.0,sek,1.0,2026-08-28,2023-10-10,2023-11-30
00f312a6c6b3860928d542aa257bcabb7579aa15839c188365a5f4b50eaca634,household,unsecured personal loan,se,7010.89,sek,1.0,2027-01-09,2023-05-03,2023-11-30
01017fafbe8b82ae7eff152d98d5b828fae20491bba839e94772236b85a967b0,household,unsecured personal loan,se,24948.77,sek,1.0,2029-09-20,2023-09-21,2023-11-30
0106c8bd969d8b3004f2cf7ef431dd8335e5281c573152094507310261803668,household,unsecured personal loan,se,12190.08,sek,1.0,2024-07-30,2019-12-01,2023-11-30
011452992758e54f4913db4638aa4b42dd247822f6d2af5a3171240ba5519e35,household,unsecured personal loan,se,24049.18,sek,1.0,2026-10-03,2019-12-01,2023-11-30
011f69cf0d5f457ee52c0f051fee3ce6992739056a15b451f0ac32452816c2fe,household,unsecured personal loan,se,128618.0,sek,1.0,2033-10-21,2021-10-21,2023-11-30
01328316259ab590e4effa25b720969216a4fb589174547c1005714e55f4a94f,household,unsecured personal loan,se,13780.93,sek,1.0,2026-08-09,2023-08-10,2023-11-30
01411063fc48db0791de6fcfc457f5c70c384ca46f20729247721a6d89ed5007,household,unsecured personal loan,se,42615.0,sek,1.0,2031-03-06,2020-04-23,2023-11-30
0144fa6105e4810d2d65ba416c1dcf634fb05699ceee35e8cce446495f8ec368,household,unsecured personal loan,se,24996.92,sek,1.0,2029-07-03,2023-07-04,2023-11-30
014f110e5dede5c215cb924ec4d4ac64ef1e10eb7a4f640fc0ab5e0aacd3a5c5,household,unsecured personal loan,se,23944.82,sek,1.0,2028-04-04,2023-04-05,2023-11-30
01541588f8d272a30132c3f62924376ccd9378ccd8ad4fc3a2b97e5e0d20f3e8,household,unsecured personal loan,se,5267.0,sek,1.0,2028-07-25,2022-07-25,2023-11-30
015566d5edad3e0be00c9340ebfb9f4a066607b0f47b2f8f566fa45b73f2241b,household,unsecured personal loan,se,18664.23,sek,1.0,2025-05-04,2019-12-01,2023-11-30
015f24e76ce3a2eedea890ddb9399effdb8a5de60f88867cde74c64bea7f6036,household,unsecured personal loan,se,24739.29,sek,1.0,2029-08-24,2023-04-15,2023-11-30
0162fb028c9fc363f03968c2f79cd2cac74a3bc0594a3c4a6aea3d3d5bdf772a,household,unsecured personal loan,se,9618.46,sek,1.0,2025-11-09,2023-11-10,2023-11-30
0164701c2b3eb24a145ba0f163d8358b411056f0887e1918116987990cbd2731,household,unsecured personal loan,se,41387.94,sek,1.0,2025-09-30,2019-12-01,2023-11-30
016fc911d4546d74b66029bb451b7863ce6a0e0b4654cb3bf9f9301122571ca7,household,unsecured personal loan,se,24494.07,sek,1.0,2029-06-22,2020-02-12,2023-11-30
017402cd56fdbb74685a00424f51af7ac82155201fddbd14d35412b4b847853f,household,unsecured personal loan,se,8051.0,sek,1.0,2027-01-04,2022-01-04,2023-11-30
0176341b25127511fb35c83b59721f5405705cbf4f529c9f294255daf72fd9e0,household,unsecured personal loan,se,12662.93,sek,1.0,2025-10-05,2020-10-06,2023-11-30
01771bd98a03c8ca89e8121af30cb5c560df555a6050d506b6c6d5798e5ea002,household,unsecured personal loan,se,33570.5,sek,1.0,2029-10-11,2022-05-28,2023-11-30
0181d96860a47cce317220eceff1853ff7b0b625a9a2b1fcf87a730f38b25780,household,unsecured personal loan,se,143199.39,sek,1.0,2032-05-19,2022-05-19,2023-11-30
0187950b3204655cc604f033ec1a8fab15910e4831893c9bdf3a68484ae4f869,household,unsecured personal loan,se,99439.89,sek,1.0,2035-05-25,2023-05-25,2023-11-30
0189cabca501f23c8b25eef53e47238aea4222888877ae5002b942072a37fa51,household,unsecured personal loan,se,4651.0,sek,1.0,2025-08-28,2023-10-10,2023-11-30
018a1eb0b9d3ff1fc3ceb95e26f002efe6d7fa6d1d577e6c9e77134d94bc1c71,household,unsecured personal loan,se,8314.9,sek,1.0,2027-09-08,2021-05-13,2023-11-30
019685ce607d7b2efa2401b6903a4f5f8f6694e4649c40a0b6a7474c47905596,household,unsecured personal loan,se,25794.07,sek,1.0,2028-06-28,2023-06-29,2023-11-30
019a8f3df40cef814c72f669b3968a879060c8535231950e50f54d31c70247b5,household,unsecured personal loan,se,22131.39,sek,1.0,2027-07-26,2022-02-10,2023-11-30
019ad3c9fde696ddba3d2313f621693ec111fc41164151a59cf463165a2aa1de,household,unsecured personal loan,se,14159.0,sek,1.0,2026-09-28,2023-10-10,2023-11-30
019d5b46994f95666135fb0556bba9a36432d5f11697cc86b785f592862b0415,household,unsecured personal loan,se,4948.14,sek,1.0,2029-11-07,2023-11-08,2023-11-30
01a09ddc5e1db76b4028cc0737d3127a101659a44a3006a48b0eab5d2147a760,household,unsecured personal loan,se,24741.42,sek,1.0,2027-07-31,2023-08-01,2023-11-30
01a20177d4d5715f3a74286d59c79cb56571a7efa05ba9e121ee5ddd1789df09,household,unsecured personal loan,se,21730.13,sek,1.0,2027-09-27,2022-09-28,2023-11-30
01a9e61e12bc9de64d8b55aef969900f94851f2c94caa043ba966242e36f538c,household,unsecured personal loan,se,27458.0,sek,1.0,2026-05-28,2023-10-10,2023-11-30
01b39313c6f954a62221a4c1f25246fbbc6b3b9b8d95cee0e9c727f3f873f567,household,unsecured personal loan,se,2429.58,sek,1.0,2024-12-14,2022-09-02,2023-11-30
01b3d9b4b7fbffb95074af616641430b05c256a9f92ada07fdea3e1b32692eb9,household,unsecured personal loan,se,40260.57,sek,1.0,2026-12-07,2020-08-11,2023-11-30
01b45c987d203c7510100dcc59972087db0d7d64ed4f988ecf99eff1dcd2ace2,household,unsecured personal loan,se,24993.01,sek,1.0,2029-04-19,2023-04-20,2023-11-30
01c41efeae3d70a1d05f80fa4cea5612bda579a532cc11c995c2ea8e36d3553b,household,unsecured personal loan,se,24123.49,sek,1.0,2029-12-31,2022-03-15,2023-11-30
01c55358d2a7a2fcaece25ba1a85cc0e49e99001b58ee91779333714b708753c,household,unsecured personal loan,se,43090.96,sek,1.0,2030-05-02,2022-11-26,2023-11-30
01d59769d9e7c160a5ec5820d64c6c857f1c378dc8010f8d98d893300094be87,household,unsecured personal loan,se,26467.09,sek,1.0,2029-08-17,2023-08-18,2023-11-30
01dfd9df72119cd7e24bfb1191f8a89a2df724958ab64952cb4dde78c885b379,household,unsecured personal loan,se,26270.62,sek,1.0,2028-07-14,2023-07-15,2023-11-30
01e53a08c582e34fb204f06a619bdf9ce863c47f2c19e69e2a63f1c947e96b7c,household,unsecured personal loan,se,24335.01,sek,1.0,2028-09-04,2019-12-01,2023-11-30
01e753c21b3b3583d51e3c1cdc04af1da4f5971d7df8d6eacb014e867e314b23,household,unsecured personal loan,se,36561.42,sek,1.0,2025-11-27,2023-08-15,2023-11-30
01f3350559d87f303f9be61571678264c6d2df050101fc33a680d988a4545056,household,unsecured personal loan,se,9864.99,sek,1.0,2025-03-31,2020-04-01,2023-11-30
01f961ce0380368d3fb369263b34d64f004a763b2d91330aeb1afac832be3ad0,household,unsecured personal loan,se,23110.63,sek,1.0,2027-11-23,2022-11-24,2023-11-30
01faa568c988e0e12598cd12b3b7537cbb8f3d4fecb5a758def328a4dbce20bb,household,unsecured personal loan,se,10833.61,sek,1.0,2024-09-30,2019-12-01,2023-11-30
020755142007a2041b1415788efeb7e14ca7bb9d7b38bb222ece97afc838e0ef,household,unsecured personal loan,se,19874.9,sek,1.0,2027-03-31,2022-04-01,2023-11-30
020fcd49c7accec46b2942e621158702c1fbf90fa0dcee67f996be33a7f23109,household,unsecured personal loan,se,17498.0,sek,1.0,2026-08-09,2023-08-09,2023-11-30
02117e7cce8e667b02be007ffbb86bb6e3c6d3a2434d4787ad92dacb53d7ac46,household,unsecured personal loan,se,7135.35,sek,1.0,2024-09-26,2019-12-01,2023-11-30
0217a143a2362253821a6a1b3143dc06671628c0e2b780a9b91b7c15f8dd3b88,household,unsecured personal loan,se,6543.02,sek,1.0,2024-10-19,2020-02-19,2023-11-30
021989232ba31034e3ca2b46cf7198754ed6d6fbff0849f91aa1c8b1b5860196,household,unsecured personal loan,se,13080.0,sek,1.0,2025-03-31,2021-03-31,2023-11-30
02200b5fedd04955ff2e5c1f9ddc877d653b7f7068a8c8d25c1015f456ad9977,household,unsecured personal loan,se,7503.0,sek,1.0,2025-02-28,2023-10-10,2023-11-30
023857466b6f7f074089eaf2a265066fabc272f34b085d83d01281d5aacdd8ac,household,unsecured personal loan,se,8974.84,sek,1.0,2028-01-03,2019-12-01,2023-11-30
0238b35dfa072b532a2e0724b45b7fe0272815ce01ac9a2cebcd2c889cfa0264,household,unsecured personal loan,se,18444.31,sek,1.0,2025-06-05,2019-12-01,2023-11-30
023998948d4312c94040d5de49177d056c83c53a76d6b5cadc4ea23ffb06d67d,household,unsecured personal loan,se,12876.0,sek,1.0,2024-12-01,2021-12-01,2023-11-30
024ef305c4b10a1084adf6f7ceed3f4cc005b79ffd90f5b4106936f130933e76,household,unsecured personal loan,se,21421.49,sek,1.0,2027-10-10,2022-10-11,2023-11-30
02585e376e70c177a6a2053ff5c1f3bc2e9a89df1686f6ac2086b8b8e4bc5c1d,household,unsecured personal loan,se,13929.89,sek,1.0,2025-10-01,2020-10-02,2023-11-30
025a13c69c1ae3f6bdee9b1fd45e16207a311e14dbd582d99737dcc5e4e92a72,household,unsecured personal loan,se,2332.09,sek,1.0,2025-12-31,2019-12-01,2023-11-30
025db427d4f781c960776376ac2c8276cdfafa37627724a7e5d18bb4e910716e,household,unsecured personal loan,se,25192.25,sek,1.0,2024-12-06,2019-12-01,2023-11-30
0263c888d18081617f5205f6404457d0e45ecae22be452a95aaede9ee0d707c6,household,unsecured personal loan,se,19433.09,sek,1.0,2028-10-17,2023-10-18,2023-11-30
026cbf6e30d33d09624b0117b22d6ccbbb852e2bd6bf468b6e4518b19b08bb0b,household,unsecured personal loan,se,26833.48,sek,1.0,2026-07-18,2023-07-19,2023-11-30
026ef4d0712842e0a3ed3461c7a7f2f8a4824733b9ef180a4c11a494a835c814,household,unsecured personal loan,se,14795.97,sek,1.0,2028-11-08,2023-11-09,2023-11-30
0276f45bd02f7210fb830f01c7a61fc671c79c4ad5f9fb10bda1085c3fce1fef,household,unsecured personal loan,se,45444.93,sek,1.0,2029-06-30,2022-06-03,2023-11-30
0283a9f519a63af96767bb5acfd7c712fd57e75c001181031065af40140b1eb7,household,unsecured personal loan,se,15787.0,sek,1.0,2025-02-28,2023-10-10,2023-11-30
0285f34f2505a68c52b36e32a0aab8a0e1fbbd697d5015921ab26bcecb11be40,household,unsecured personal loan,se,23956.07,sek,1.0,2028-06-22,2023-06-23,2023-11-30
028c72abd9b778449bfd1417c61a190d08e4f157ed03b6342c80ed6aba22f150,household,unsecured personal loan,se,28186.61,sek,1.0,2029-03-07,2023-03-07,2023-11-30
028cac432cd17ce8b3fa157d0a0bc1348523e4f897b858f9f59c1b3b1bbcaccb,household,unsecured personal loan,se,25152.54,sek,1.0,2027-06-27,2022-06-28,2023-11-30
028d909264d0c1013a6ae7a1e33781eac1ff813302a2d96fef88fc70c9018384,household,unsecured personal loan,se,104767.0,sek,1.0,2029-05-25,2021-05-25,2023-11-30
029697fa8fa527ba21d1569786c88adb2441c215d12f0c1bace931edb4548d29,household,unsecured personal loan,se,44361.05,sek,1.0,2029-10-18,2019-12-01,2023-11-30
029f02a260b7b938d89b142be1c2f17707a168a8e0b3cba0df1f86d089d9aa09,household,unsecured personal loan,se,19867.44,sek,1.0,2030-01-22,2023-04-15,2023-11-30
02aba3dacc7351d5129b414c5945eaddf158329cdd50758798461e49c18a5999,household,unsecured personal loan,se,22685.16,sek,1.0,2028-03-16,2019-12-01,2023-11-30
02ad0e95180113e68ef8cc88d2aa00b7a852c58af2d7b8ac76bfda5fbb8dd5ad,household,unsecured personal loan,se,24060.19,sek,1.0,2028-05-19,2023-05-20,2023-11-30
025af3dc682f80b35ba5592e510576a3174e4976631dfbe5accb0968cf4e747a,household,unsecured personal loan,se,23021.93,sek,1.0,2027-12-06,2022-12-07,2023-11-30
025c3f40a8bd5987577b4d866939c124eb1368a7e7fb2c5e03808368287fe33e,household,unsecured personal loan,se,24955.82,sek,1.0,2028-05-11,2022-11-15,2023-11-30
025cce7a0f0d955d266473e62b45fe789bb77b8840a65049f6e9f22c04e3a0d5,household,unsecured personal loan,se,15273.65,sek,1.0,2025-10-13,2020-02-13,2023-11-30
0266065ab4db41ce8b1e7a571cf89f20f70675a74ec43e9ad45c1f8f1bb5a56d,household,unsecured personal loan,se,8315.0,sek,1.0,2025-10-28,2020-05-15,2023-11-30
026968ba8ee53ef753c3a658620e870e4990d83738842ff9a46c17761bef5748,household,unsecured personal loan,se,45219.93,sek,1.0,2029-11-29,2020-03-04,2023-11-30
02761ea85379e1f896febbe3bd867bb4df8afc5a7a957fef46d26465b3b65ffe,household,unsecured personal loan,se,34509.0,sek,1.0,2029-08-22,2023-08-22,2023-11-30
027cb860b253521c052f3c5350fc6ae4a441a4022117ba2e2a7d86ac9010c65a,household,unsecured personal loan,se,13616.61,sek,1.0,2026-06-29,2023-06-30,2023-11-30
0284072988dcbf342da64dbce2a5e5df1c4b3b35ff09a5be65acb872d0c401e0,household,unsecured personal loan,se,18690.09,sek,1.0,2026-09-13,2019-12-01,2023-11-30
0284a00160b25226d99c593be34278b5929d5ce6493f9968499c3a430f8dcb9e,household,unsecured personal loan,se,43658.67,sek,1.0,2029-07-08,2022-10-04,2023-11-30
02924d3b62cde155daa600da6a45cc900500e30d4a506ab2f89bfe739a07fac5,household,unsecured personal loan,se,20715.57,sek,1.0,2025-03-02,2019-12-01,2023-11-30
02952dd3b564a8a10a14a86b16d4cf024cca23c7ba97533dc39b9565718ff8c7,household,unsecured personal loan,se,9526.35,sek,1.0,2026-08-22,2023-08-23,2023-11-30
029e7276c717a61859160b9bed821a238b9e061f339cd64eab7ed8e28939c0a9,household,unsecured personal loan,se,6076.46,sek,1.0,2024-07-11,2023-07-12,2023-11-30
029f075120020662dd490d03a69d71369499452436c45e892cf3c0f7f398c2fd,household,unsecured personal loan,se,24168.95,sek,1.0,2029-07-07,2019-12-10,2023-11-30
02a1051d68dae89faeb8c5b82c7b2ff2e783b44d87ebe8d4a17261ad23396e0a,household,unsecured personal loan,se,44231.13,sek,1.0,2029-09-01,2021-05-08,2023-11-30
02a3ce5d7afc7dea385ed857087cfb85ed60960b7813baa5021d83fbc15a66d0,household,unsecured personal loan,se,20043.72,sek,1.0,2030-05-03,2023-04-25,2023-11-30
02a41e94cd547fc7d9aaca811afa67ee067b4d0ac90c7f376928a0a615702eda,household,unsecured personal loan,se,25846.0,sek,1.0,2027-08-01,2022-08-01,2023-11-30
02a4e6584a3acbce74a5266f6a3387824febf267bbbbb6834e85d1d7a2b5a5a0,household,unsecured personal loan,se,24477.02,sek,1.0,2029-04-05,2023-04-06,2023-11-30
02a5c3a81e4a57ea4e8e87e61ec1d033656859d5b0f3474006289f504e4b2fe8,household,unsecured personal loan,se,31570.03,sek,1.0,2026-06-01,2020-07-14,2023-11-30
02b0732ff4d23a1296d852388ba7dc50064355ffefbb3ff639bc2b76960b25c6,household,unsecured personal loan,se,124816.31,sek,1.0,2033-08-21,2023-08-21,2023-11-30
02b67577940cb454b65d015d10422af7e012ab9038193c6bfc218ff40fa401c5,household,unsecured personal loan,se,7053.92,sek,1.0,2024-08-21,2022-01-08,2023-11-30
02be666b68fd928a7112aa892495919d32789550b6f07936f55aba564b7cded8,household,unsecured personal loan,se,2504.0,sek,1.0,2025-02-21,2020-10-01,2023-11-30
02c0793f8fe0b7dced55571ce9fb8a2350fe0e768de6e7dbd682909a105981e7,household,unsecured personal loan,se,42582.45,sek,1.0,2026-11-28,2022-11-28,2023-11-30
02c27f6faef2eee2b095bdd28c18c5e65d643532980ddfe73a013e366ead2ff2,household,unsecured personal loan,se,14636.97,sek,1.0,2028-03-20,2023-03-21,2023-11-30
02c33b2d443415bf6678c4fdcb609a6b0cd5bc98678b58eb501223722d6467b4,household,unsecured personal loan,se,19316.58,sek,1.0,2025-04-13,2023-04-14,2023-11-30
02cfbf40b2a26e416daae8a97b3cd9c0296c9939a82ef7a8d522e7b10b36812a,household,unsecured personal loan,se,47654.0,sek,1.0,2032-03-30,2022-03-30,2023-11-30
02dbfa4d6ee19c67d526adaa2360f443a507614a7ea3aa531c0e9eb08f163c8c,household,unsecured personal loan,se,13298.46,sek,1.0,2027-08-08,2023-08-09,2023-11-30
02e5ad6f929dff346c3c7a5092521f4395bfe49f01c305a9683c161aeb8a0efd,household,unsecured personal loan,se,23153.0,sek,1.0,2027-06-27,2022-06-27,2023-11-30
02ed4ac0575d306d871546a41750afc1f85a5af3fb9f2e00de9712c27ad73cb2,household,unsecured personal loan,se,95287.2,sek,1.0,2030-03-07,2023-03-07,2023-11-30
02f412d8d3f690ea8093aa3c7234bca0ea6d09ed87f1b68e77d721a115edccaa,household,unsecured personal loan,se,4290.44,sek,1.0,2024-12-31,2019-12-01,2023-11-30
02f4eb6110ca66f9770ecd7dfa4847d070243fb5407d4692505dd1e0dcdbac91,household,unsecured personal loan,se,22728.99,sek,1.0,2025-07-31,2020-03-20,2023-11-30
02f937bf7d152a0eda2f6a959ad1020dde4b742740ca7cababcccdd59a712501,household,unsecured personal loan,se,3579.6,sek,1.0,2025-01-13,2023-01-14,2023-11-30
02faa6c6cf20d4d135239764cf8039a6906e6ea82b91ecdea236961e3d9aa0b6,household,unsecured personal loan,se,15823.78,sek,1.0,2027-01-03,2019-12-01,2023-11-30
03002247060bf767bfa304024f6192267996b4ce64b37c687460d2c9aff63783,household,unsecured personal loan,se,24682.02,sek,1.0,2027-12-05,2022-12-06,2023-11-30
030327d3aaabf81730c276103cf154f60f9c0d9d40ca5bccd2bc9df26e6bf65a,household,unsecured personal loan,se,39924.0,sek,1.0,2027-11-08,2021-11-08,2023-11-30
030433af06a7a48a3082694ca9f3d62656dde229ae559497c1b4e7c897bc9142,household,unsecured personal loan,se,7911.0,sek,1.0,2025-06-09,2023-06-09,2023-11-30
0309c147c4ebfcd9396b03e32647428d672bbfea53b6a6a17a694733974869b5,household,unsecured personal loan,se,25364.36,sek,1.0,2029-06-15,2023-06-16,2023-11-30
030b0a5b77eb7cf80cb9d40b2614b27b7a4b1dba8c6aaa5bab75d8b01dc795f4,household,unsecured personal loan,se,18887.16,sek,1.0,2027-10-14,2020-05-07,2023-11-30
030fd414bd48cc2e6047028d4d105d4ea9ff44357459de6c2d64365639db61f7,household,unsecured personal loan,se,201904.0,sek,1.0,2034-02-18,2022-01-18,2023-11-30
0322c8ee6feb88bcaa967fdf06dd147e985933f28b0f7365285dad316a8367b2,household,unsecured personal loan,se,23222.78,sek,1.0,2028-05-16,2023-05-17,2023-11-30
033404afa47389fd90e644cd553206fb4efb205c4e550b04105776c5f66d43e9,household,unsecured personal loan,se,24299.83,sek,1.0,2030-03-06,2023-05-23,2023-11-30
03399ca22054a6171f6ac81ef4fe415d5998aeb473dfed4b52ce54ea585b5fe3,household,unsecured personal loan,se,25637.27,sek,1.0,2029-09-22,2023-09-23,2023-11-30
0340a9d97374315203243328fca1dc0799cdeb193c8ac5d3630b7b4b7954eafe,household,unsecured personal loan,se,44490.2,sek,1.0,2029-05-10,2019-12-01,2023-11-30
0343f262db8124cdce67bf09301b2dbb0f0110109949c8d72501d36cb499c7e1,household,unsecured personal loan,se,27455.0,sek,1.0,2028-10-20,2022-10-20,2023-11-30
034788c7ee68532dc51adcacf1e6c98a37d55988ae486ad32d26805883ca4c2c,household,unsecured personal loan,se,23087.43,sek,1.0,2027-06-05,2023-06-06,2023-11-30
034a5b2ccde884c89eaa18dc6b92c9a36b6fae8fe96d2aaea7f13b58583c30c1,household,unsecured personal loan,se,16637.0,sek,1.0,2026-11-30,2022-11-30,2023-11-30
0351a3ba41b569f29069420b45449cf3cd0f6f503d14e2bf28b897894166420f,household,unsecured personal loan,se,24457.79,sek,1.0,2029-07-31,2023-08-01,2023-11-30
03586f42013de2d80c24643f27b19662365bffa262d3e0655d30135496459f21,household,unsecured personal loan,se,26421.0,sek,1.0,2028-10-27,2022-10-27,2023-11-30
035cfeb9b66c0f32c69eb3b560ccf9e8c5aa0627899666f5aaf08fb2a0bea411,household,unsecured personal loan,se,23602.3,sek,1.0,2027-12-15,2022-08-05,2023-11-30
035f0e3ea757451306279b15c183706c3aad9bad22e502725091c4e0b844ec45,household,unsecured personal loan,se,10594.79,sek,1.0,2025-09-07,2020-09-08,2023-11-30
0366057ed0ceab17d49f08c1bd8b3f43c5114627a7d608471fe202cdbaf8ef80,household,unsecured personal loan,se,25371.99,sek,1.0,2029-08-29,2023-08-30,2023-11-30
0366652decefa5a0844468183216d81b994ee45b5c925cd145cd4ddc58de2c7a,household,unsecured personal loan,se,9662.9,sek,1.0,2029-07-14,2019-12-01,2023-11-30
036cfe6113d37ae34f4b46760b34d47317c082c40ade229a674ac031889024f3,household,unsecured personal loan,se,43011.02,sek,1.0,2029-04-20,2020-10-02,2023-11-30
037440827912d28290dad1c70404911ab96d3708950adf5aa7f22a87bd0a4e35,household,unsecured personal loan,se,17471.02,sek,1.0,2025-07-27,2023-07-28,2023-11-30
03786a96a602dd582ac07800cb3d59e856066f71bb4588952fb15def39452190,household,unsecured personal loan,se,4468.89,sek,1.0,2024-09-11,2019-12-01,2023-11-30
037e82bf41a84640d83af052ded5468588e39102968a598cd7e69ab45fa35399,household,unsecured personal loan,se,43898.0,sek,1.0,2028-06-30,2022-06-30,2023-11-30
037ed77559ca20ed55ee6e206a23f8df592323bbe69fba960a1ea0f16a274308,household,unsecured personal loan,se,44781.53,sek,1.0,2026-05-31,2022-04-14,2023-11-30
038427ee2ed28354466c9aa8a9a95e86dc9781395e562d6878296156752977b3,household,unsecured personal loan,se,24144.36,sek,1.0,2029-08-15,2023-08-16,2023-11-30
038498856b3637e2b578a3bfcc61ea3a4d6277202744410f85af6b6c77371ef5,household,unsecured personal loan,se,24011.76,sek,1.0,2026-09-29,2023-09-29,2023-11-30
03850c47666d6fae6db854de997a053ca7f33266c7542a70439c16845d769044,household,unsecured personal loan,se,39058.71,sek,1.0,2029-12-27,2019-12-01,2023-11-30
0386a7e0bb7085a166c1b062869393fb8511dc7529ceb73f0991db66711691d4,household,unsecured personal loan,se,9149.0,sek,1.0,2028-11-30,2022-11-30,2023-11-30
038b91e890dc9bcf6cec3f398de2a00a565226108eb43578075bf5af50a9978f,household,unsecured personal loan,se,17752.67,sek,1.0,2025-09-22,2020-09-23,2023-11-30
03907ce62e541415764153dc784e8a7ace7d0cfcfe44afc5062465d528b645b5,household,unsecured personal loan,se,35098.0,sek,1.0,2026-09-24,2021-09-24,2023-11-30
0399ea6934ecb0f450e98a5455bc8d19a6cdce35d8f145fb1f400aa678675c67,household,unsecured personal loan,se,25448.75,sek,1.0,2027-08-08,2022-08-09,2023-11-30
03ad7081e503e4d683843b947204826a24845e61185d190f2aaedb5d03e4f184,household,unsecured personal loan,se,10392.78,sek,1.0,2029-08-30,2023-08-31,2023-11-30
03b4c767441b7490bfc5ed2e75505a279affb2392bfd3ed8ece676e0b0b290f3,household,unsecured personal loan,se,188485.0,sek,1.0,2027-07-31,2021-06-14,2023-11-30
03bb532a3654a8827dfa2c72fd331db5ed13b68096fb4e01a230c2312297b251,household,unsecured personal loan,se,18703.1,sek,1.0,2026-11-25,2021-11-26,2023-11-30
03bf87a76061ef5f6fd46410c79e5ab63a75b4bf6fd570fcc80590c35dc072f1,household,unsecured personal loan,se,2723.47,sek,1.0,2024-05-28,2019-12-01,2023-11-30
03c9e86a60283c33d9b0c2bf841891d185fb3da63024d359f6a795bf7f89f33b,household,unsecured personal loan,se,9327.22,sek,1.0,2027-09-05,2022-09-06,2023-11-30
03caf9b4703e836291bdf8bbfae70c1527962b70a2fd41403f78f8421c105118,household,unsecured personal loan,se,24059.48,sek,1.0,2029-07-13,2023-07-14,2023-11-30
03cd7b18bf82921572b581b2e7804e50485d1186fd2feccb5cce6a8fa0514eb2,household,unsecured personal loan,se,14537.92,sek,1.0,2028-03-28,2023-03-29,2023-11-30
03e2dae1d213cc0115f3015e5ddcc0868ac3caac71c4fdde74dc6143341b7955,household,unsecured personal loan,se,19538.88,sek,1.0,2027-04-13,2022-04-14,2023-11-30
03e60478a9f4f5ee86c203bc0b4f20aa9ed039876e6a69c656083710fcc6e744,household,unsecured personal loan,se,16202.68,sek,1.0,2025-08-11,2022-08-12,2023-11-30
03e9aae85e76f93710f0129dd558439392d55b19563d47b9cc5fb94a7a6dab9a,household,unsecured personal loan,se,25072.76,sek,1.0,2028-06-29,2023-06-30,2023-11-30
03ecaeb5159ccd847a39ec08a4df6a29ea71b9c5134d2e9a030c4e5436855f28,household,unsecured personal loan,se,11897.0,sek,1.0,2025-04-27,2023-04-27,2023-11-30
03ee1bcd55b344587537c51453003be0ff4186023f1e77d5f435e4e062744321,household,unsecured personal loan,se,44668.92,sek,1.0,2027-08-29,2020-01-23,2023-11-30
03f33dc31fea30e263ea51ad74e4362d2bf36986e39440de30280d63e3aa8da8,household,unsecured personal loan,se,25466.85,sek,1.0,2028-11-07,2023-11-08,2023-11-30
03f629c8025bf20c4d65e7fbd183614a943aca0885d6660495ead34732cf0207,household,unsecured personal loan,se,9255.63,sek,1.0,2030-03-08,2021-06-08,2023-11-30
0400632ddc97a0d9a52c07ab436edf82e177f46d473a8b8d5e32430fb9dd17dd,household,unsecured personal loan,se,23403.38,sek,1.0,2026-09-11,2023-09-12,2023-11-30
03083aa379ffe1fd57f63fcf805ea426f6ee9045260b21ee19a6f303f04c842b,household,unsecured personal loan,fi,307.23,eur,11.096,2025-09-09,2021-09-09,2023-12-31
011230b335a4816f013c8d3ec1b2cb943cfe821903945d02e6fe90cf2db8f772,household,credit card,no,19288.4,nok,0.98714,,2023-08-17,2023-12-31
013d04c8bd9791a65c05c93783f2ea12dd32e55e14dbee84f8a9a8ff37cea359,household,credit card,no,3493.9,nok,0.98714,2024-10-06,2023-10-06,2023-12-31
0158abc5f976580a0e298fbac3c072b5b4246a3b358fb262a02d4722b8e96104,household,credit card,no,15290.99,nok,0.98714,2024-10-24,2023-10-24,2023-12-31
019d7a46cfc634c621fa1d4c73027907d19dc9f883c209b9900a05f26bf5befb,household,credit card,no,5313.75,nok,0.98714,2024-07-24,2023-07-24,2023-12-31
0287653191ea45bee0bcb9171e0a0a66a3ab387749af62b2cb9ed01ef203557b,household,credit card,no,12059.24,nok,0.98714,2024-08-25,2023-08-25,2023-12-31
03f5dcdbe73603e0d3a3e2c50b164fd868babc41755853f47568e01debdf9d36,household,credit card,no,10649.01,nok,0.98714,2024-09-15,2023-09-15,2023-12-31
00b7b8537d51facc46bb93a2436a31f36344a6ac6dd79b1e47fbde46a122fc1a,financial corporation,corporate leasing,se,1067313.5,sek,1.0,2026-01-30,2021-06-30,2023-12-31
014e41bc6b6eaf769eea54d75ff3b604908666bf02d85b954e69479be30d47cc,financial corporation,corporate leasing,se,313680.97,sek,1.0,2027-05-10,2022-05-10,2023-12-31
0162bcc104a3afc3856b22dfc97377cdedd924c18f27ac89a661f54903dab33e,financial corporation,corporate leasing,se,981824.34,sek,1.0,2028-08-31,2023-08-31,2023-12-31
01893b4236327d81a4a6360058401f2688da275e80e34d251d6a9b4feef4d286,financial corporation,corporate leasing,se,2273767.18,sek,1.0,2027-04-01,2022-04-01,2023-12-31
0191509e98051d20ff586082ed7487a5e2ddf08a0d6417275226615b8ad2f8e9,financial corporation,corporate leasing,se,634581.01,sek,1.0,2028-03-22,2023-03-22,2023-12-31
01def929da7b17e66d0dadaca481af4f6ebb1025118e895b2596234e65b82553,financial corporation,corporate leasing,se,930101.78,sek,1.0,2027-11-08,2022-11-08,2023-12-31
01e98bda548a680a266aa16525ec327319005973add3d1b5e21d703826ef7437,financial corporation,corporate leasing,se,,sek,1.0,2027-12-17,2021-12-17,2023-12-31
0226f1d9320d13fbacbabc5571854276aacc6f6b2d83d23120bbf8ae80b9cadf,financial corporation,corporate leasing,se,426419.22,sek,1.0,2027-09-07,2023-09-07,2023-12-31
0280f2c1b81fa3e17c3954a98b0cbd918b374ab738e9935a269aec8c269a55f9,financial corporation,corporate leasing,se,181583.4,sek,1.0,2026-12-20,2021-12-20,2023-12-31
03394f6fd4f98f071490b90a752d496cc4be26d663d6f8131ad6ab6d5c12bb0b,financial corporation,corporate leasing,se,599833.55,sek,1.0,2028-02-27,2023-02-27,2023-12-31
03801564d32af83042a7589e36a422df328de73d829e16337755c3bfba5fd0bc,financial corporation,corporate leasing,se,328428.92,sek,1.0,2028-02-01,2023-02-01,2023-12-31
03f8530e0425536e2a8fb68d8f7274b8c455a5b1689e12dd5f7c904a561c3cda,financial corporation,corporate leasing,se,82895.96,sek,1.0,2027-09-09,2022-09-09,2023-12-31
000b507ed1414d43d3128a73a2aae676d62670b4898a71f254bf2b0eb59ec323,household,unsecured personal loan,se,13945.1,sek,1.0,2026-06-29,2021-09-14,2023-12-31
000ba41d35ab8ded4161e82cc04f781d4ad83d75a45c9ed1ae2739f39bb7881a,household,unsecured personal loan,se,3274.94,sek,1.0,2024-06-20,2022-06-21,2023-12-31
002019b5491782aeaa150d728fbff288e31e1262f431b5a71d9cd61f2f3e93b3,household,unsecured personal loan,se,4673.59,sek,1.0,2025-11-03,2022-08-23,2023-12-31
002303f5b5e48ddab7579793c42db40629749412f78a4c95eb32292b05fa5b9b,household,unsecured personal loan,se,99913.47,sek,1.0,2032-11-20,2023-11-20,2023-12-31
002a56219e3513e8d38f424a2f55542afa402239729ce4f426d443a38e096817,household,unsecured personal loan,se,46484.68,sek,1.0,2029-10-30,2023-06-22,2023-12-31
00380a584af19040198191b957b7541f84fe59bd00932e1dba95bf60f5f07a25,household,unsecured personal loan,se,24198.18,sek,1.0,2029-06-29,2023-06-30,2023-12-31
003d1afaf0c3916f40434d49bd1f595e3baf60f814acc440624d94d298a73695,household,unsecured personal loan,se,20733.78,sek,1.0,2027-08-03,2022-08-04,2023-12-31
003d732f34775c4dce3fb90f4050b7566f826353db3bd1f60b171aa39bcad4b9,household,unsecured personal loan,se,9125.0,sek,1.0,2028-08-14,2023-08-14,2023-12-31
0042155179cb3c47f0c4258097d3b58b46536fa8e92dfb849439e1bd8fa018f5,household,unsecured personal loan,se,7896.0,sek,1.0,2027-11-04,2021-11-04,2023-12-31
0046c1b1cd4e9ad7352bf7d2c789d5039838a2022cda78ba8d92a898837ba204,household,unsecured personal loan,se,24604.45,sek,1.0,2029-11-07,2023-11-08,2023-12-31
004ba360ef94647028204be9ad2ff3becef3d9859cc1a7900e6cb7037e3d1c60,household,unsecured personal loan,se,58823.0,sek,1.0,2032-12-16,2020-09-29,2023-12-31
004fde754eace554998e3b01dc88920ff50e99842368a20d4f41bef8afbdaf28,household,unsecured personal loan,se,18999.95,sek,1.0,2026-11-10,2023-11-10,2023-12-31
0053ff1795f05c51de9c1a6a0d82b14924199d6dde138ec3583634a18b8fa8d7,household,unsecured personal loan,se,15373.76,sek,1.0,2027-11-30,2023-12-01,2023-12-31
006128f57a63b717566b2569c9b6f9375512ac2d9d4d8abeaa15730c4b254d08,household,unsecured personal loan,se,18450.52,sek,1.0,2027-01-05,2022-01-06,2023-12-31
006d1d692577cc3102e6b877eaaf9e7d3995ec337c60b5088b1bd7d4d0984755,household,unsecured personal loan,se,124232.58,sek,1.0,2035-01-20,2023-12-10,2023-12-31
007000c4d292eb9cd93320a2bf02a79eb31c69886f26eba8240acbb91143b854,household,unsecured personal loan,se,15808.33,sek,1.0,2033-07-05,2023-12-10,2023-12-31
0072706682015e2bb4890f5cdbeb4aae49f240de2950c3778fe910098fcd3f02,household,unsecured personal loan,se,96467.79,sek,1.0,2035-03-06,2023-12-10,2023-12-31
0076c3621f2aba6a4b05346aeb57e81f10d4de61905200759c4465ddaab786fb,household,unsecured personal loan,se,58163.78,sek,1.0,2035-05-08,2023-12-10,2023-12-31
0081475c05590bd52e79090e0a367c850c8cf7e355fd222abed1e3c1ce24b557,household,unsecured personal loan,se,80538.0,sek,1.0,2030-12-26,2020-11-26,2023-12-31
008215a73db6ec47edc8ad6c2d620f5c1ab2f8adbe1dbeba2366bdb832da2af2,household,unsecured personal loan,se,21705.13,sek,1.0,2027-04-11,2022-04-12,2023-12-31
0089538b7c3cf03dd789ac04cb4a25252af3cd36c4e7737b0ae77b53aab3cedf,household,unsecured personal loan,se,4429.52,sek,1.0,2025-08-14,2023-08-15,2023-12-31
00938e1f9fa5ecb483d0c4b89816485ee2a987b3343aae5e3840b6c7eda58e5c,household,unsecured personal loan,se,39810.68,sek,1.0,2028-01-10,2019-12-01,2023-12-31
00939399564bfc8f1c74049ea1b4c9c70e468c3c847be14c31675549f3e8e583,household,unsecured personal loan,se,17363.28,sek,1.0,2025-08-17,2019-12-01,2023-12-31
0095bbab36713b62d04b8890db52328aa1a49b92afbed8cf37d7734848791074,household,unsecured personal loan,se,36427.69,sek,1.0,2035-08-28,2023-12-10,2023-12-31
00a35e228149241c2df93807dd68ef1a1a02082b8aa7dc18ec80ea1eab0de496,household,unsecured personal loan,se,84790.0,sek,1.0,2033-11-29,2020-03-16,2023-12-31
00a3c5e47c8ccca35e40f4d9523ff8666a05b082d2544e148ac979f784247887,household,unsecured personal loan,se,23034.56,sek,1.0,2028-03-31,2023-04-01,2023-12-31
00b60309caa7b457de10ef1a10247889c409d35fe278fdbb6557ca3498ca6fb3,household,unsecured personal loan,se,18710.51,sek,1.0,2028-06-01,2023-06-01,2023-12-31
00b98fe76e455465339d293bb018229f0930afc88b457452715d426484b06b8c,household,unsecured personal loan,se,85606.3,sek,1.0,2034-10-11,2023-12-10,2023-12-31
00c283d0746cf4befff6f17603bf00f1217b1f6269fe05c0ae37beda8e53f100,household,unsecured personal loan,se,23954.17,sek,1.0,2029-08-17,2023-08-18,2023-12-31
00ca5b64627f0aea8dba9acb43207940a8a9356f180b39cd12670b0ae12ac50c,household,unsecured personal loan,se,5511.04,sek,1.0,2024-06-08,2023-06-09,2023-12-31
00ce124c0b54400a888ddf01c38a699ff7ffce850fe5efa1f9c431d315714e24,household,unsecured personal loan,se,72021.93,sek,1.0,2033-11-08,2023-12-10,2023-12-31
00ce4f033a9e22a13733221983d320caa4c25c0f2ad4fd1d274d49947b8a251b,household,unsecured personal loan,se,15000.0,sek,1.0,2028-11-14,2023-11-14,2023-12-31
00ceb960d6e6eb7147cab2554b433a1aaaaf91f0c5bf2da4b6b91a0a09ee91ab,household,unsecured personal loan,se,16116.0,sek,1.0,2027-01-02,2023-01-02,2023-12-31
00d63c29b140a9a40775bb588c50681f7a9fe0fdee72e09ace90b9d9cc244afe,household,unsecured personal loan,se,24041.91,sek,1.0,2029-08-01,2021-11-09,2023-12-31
00d679352f80968ec710935b8a54e9916733c375f898971dbaade4abdb7080a1,household,unsecured personal loan,se,28559.06,sek,1.0,2029-06-02,2023-06-02,2023-12-31
00d6a2f83314bc34f16dda427f2bd202d5b83ebe4747c357fd2dfc2749837f9a,household,unsecured personal loan,se,83364.79,sek,1.0,2034-08-04,2023-12-10,2023-12-31
00dc035fe817374d874e3d50f94bb239c088c8fa002e5fd379f7cfa4f81a71c5,household,unsecured personal loan,se,23304.6,sek,1.0,2029-08-10,2023-08-11,2023-12-31
00dd93d383b295611016ffaa57f1f8fd90fb1316bcfecabdbdb5fecc6730c6eb,household,unsecured personal loan,se,12230.85,sek,1.0,2027-01-29,2021-08-11,2023-12-31
00dda828bcb1417b9c4fa92d7ae004e84ecb68818eae549a9e136d944874dc0b,household,unsecured personal loan,se,8421.0,sek,1.0,2025-06-14,2023-06-14,2023-12-31
00e20e1ad07b384fbe4bab0ca7676ad350e4ea2615393efcee8d0e7276fc2946,household,unsecured personal loan,se,41504.4,sek,1.0,2029-11-03,2023-07-01,2023-12-31
00e5381ac22dc499a8aafa1d573c6b3fd74d342639bc0946e3a2e5c73f7cc642,household,unsecured personal loan,se,45000.0,sek,1.0,2028-11-13,2023-11-13,2023-12-31
00e98cb61dc55a8b4ef519b03520e8ac054b80ecffe9886f3c493eff4b5e77b2,household,unsecured personal loan,se,36085.0,sek,1.0,2028-12-12,2022-12-12,2023-12-31
00eb477c5e9055970543cd99aaf09388ecd9c06bc214b6757c39237e203de87a,household,unsecured personal loan,se,33137.0,sek,1.0,2029-03-16,2023-03-16,2023-12-31
00ef034f5fe9888f96a35e74d573908c8a3d747ba9b9e9394110c42e55103548,household,unsecured personal loan,se,19423.1,sek,1.0,2028-08-28,2023-08-29,2023-12-31
00f312a6c6b3860928d542aa257bcabb7579aa15839c188365a5f4b50eaca634,household,unsecured personal loan,se,23739.04,sek,1.0,2029-06-12,2023-06-13,2023-12-31
01017fafbe8b82ae7eff152d98d5b828fae20491bba839e94772236b85a967b0,household,unsecured personal loan,se,24264.88,sek,1.0,2029-10-17,2023-10-18,2023-12-31
0106c8bd969d8b3004f2cf7ef431dd8335e5281c573152094507310261803668,household,unsecured personal loan,se,58719.0,sek,1.0,2035-05-29,2023-12-10,2023-12-31
011452992758e54f4913db4638aa4b42dd247822f6d2af5a3171240ba5519e35,household,unsecured personal loan,se,35290.0,sek,1.0,2034-01-31,2023-12-10,2023-12-31
011f69cf0d5f457ee52c0f051fee3ce6992739056a15b451f0ac32452816c2fe,household,unsecured personal loan,se,9746.0,sek,1.0,2024-12-31,2019-12-01,2023-12-31
01328316259ab590e4effa25b720969216a4fb589174547c1005714e55f4a94f,household,unsecured personal loan,se,19795.0,sek,1.0,2029-12-01,2023-12-01,2023-12-31
01411063fc48db0791de6fcfc457f5c70c384ca46f20729247721a6d89ed5007,household,unsecured personal loan,se,24952.87,sek,1.0,2029-11-27,2023-11-28,2023-12-31
0144fa6105e4810d2d65ba416c1dcf634fb05699ceee35e8cce446495f8ec368,household,unsecured personal loan,se,4037.12,sek,1.0,2027-04-19,2022-04-20,2023-12-31
014f110e5dede5c215cb924ec4d4ac64ef1e10eb7a4f640fc0ab5e0aacd3a5c5,household,unsecured personal loan,se,565.0,sek,1.0,2027-05-28,2023-10-10,2023-12-31
01541588f8d272a30132c3f62924376ccd9378ccd8ad4fc3a2b97e5e0d20f3e8,household,unsecured personal loan,se,24814.34,sek,1.0,2026-11-17,2023-11-18,2023-12-31
015566d5edad3e0be00c9340ebfb9f4a066607b0f47b2f8f566fa45b73f2241b,household,unsecured personal loan,se,46045.9,sek,1.0,2029-12-27,2019-12-01,2023-12-31
015f24e76ce3a2eedea890ddb9399effdb8a5de60f88867cde74c64bea7f6036,household,unsecured personal loan,se,22183.01,sek,1.0,2032-09-04,2023-12-10,2023-12-31
0162fb028c9fc363f03968c2f79cd2cac74a3bc0594a3c4a6aea3d3d5bdf772a,household,unsecured personal loan,se,31987.48,sek,1.0,2034-05-11,2023-12-10,2023-12-31
0164701c2b3eb24a145ba0f163d8358b411056f0887e1918116987990cbd2731,household,unsecured personal loan,se,29933.6,sek,1.0,2030-02-12,2021-03-10,2023-12-31
016fc911d4546d74b66029bb451b7863ce6a0e0b4654cb3bf9f9301122571ca7,household,unsecured personal loan,se,13533.18,sek,1.0,2030-01-01,2019-12-01,2023-12-31
017402cd56fdbb74685a00424f51af7ac82155201fddbd14d35412b4b847853f,household,unsecured personal loan,se,19639.3,sek,1.0,2027-05-10,2022-05-11,2023-12-31
0176341b25127511fb35c83b59721f5405705cbf4f529c9f294255daf72fd9e0,household,unsecured personal loan,se,95610.64,sek,1.0,2034-11-07,2023-12-10,2023-12-31
01771bd98a03c8ca89e8121af30cb5c560df555a6050d506b6c6d5798e5ea002,household,unsecured personal loan,se,33998.04,sek,1.0,2032-11-26,2023-12-10,2023-12-31
0181d96860a47cce317220eceff1853ff7b0b625a9a2b1fcf87a730f38b25780,household,unsecured personal loan,se,25584.86,sek,1.0,2035-05-03,2023-12-10,2023-12-31
0187950b3204655cc604f033ec1a8fab15910e4831893c9bdf3a68484ae4f869,household,unsecured personal loan,se,257.0,sek,1.0,2026-07-03,2023-07-03,2023-12-31
0189cabca501f23c8b25eef53e47238aea4222888877ae5002b942072a37fa51,household,unsecured personal loan,se,28575.27,sek,1.0,2026-06-03,2019-12-01,2023-12-31
018a1eb0b9d3ff1fc3ceb95e26f002efe6d7fa6d1d577e6c9e77134d94bc1c71,household,unsecured personal loan,se,8105.78,sek,1.0,2024-12-15,2019-12-01,2023-12-31
019685ce607d7b2efa2401b6903a4f5f8f6694e4649c40a0b6a7474c47905596,household,unsecured personal loan,se,24862.47,sek,1.0,2029-09-18,2023-09-19,2023-12-31
019a8f3df40cef814c72f669b3968a879060c8535231950e50f54d31c70247b5,household,unsecured personal loan,se,43719.31,sek,1.0,2029-04-27,2022-07-20,2023-12-31
019ad3c9fde696ddba3d2313f621693ec111fc41164151a59cf463165a2aa1de,household,unsecured personal loan,se,45121.97,sek,1.0,2029-11-27,2021-09-11,2023-12-31
019d5b46994f95666135fb0556bba9a36432d5f11697cc86b785f592862b0415,household,unsecured personal loan,se,19431.21,sek,1.0,2029-08-02,2023-03-24,2023-12-31
01a09ddc5e1db76b4028cc0737d3127a101659a44a3006a48b0eab5d2147a760,household,unsecured personal loan,se,21254.57,sek,1.0,2034-11-08,2023-12-10,2023-12-31
01a20177d4d5715f3a74286d59c79cb56571a7efa05ba9e121ee5ddd1789df09,household,unsecured personal loan,se,28064.0,sek,1.0,2029-01-10,2023-01-10,2023-12-31
01a9e61e12bc9de64d8b55aef969900f94851f2c94caa043ba966242e36f538c,household,unsecured personal loan,se,24468.75,sek,1.0,2028-11-08,2023-11-09,2023-12-31
01b39313c6f954a62221a4c1f25246fbbc6b3b9b8d95cee0e9c727f3f873f567,household,unsecured personal loan,se,8614.68,sek,1.0,2025-03-04,2020-03-05,2023-12-31
01b3d9b4b7fbffb95074af616641430b05c256a9f92ada07fdea3e1b32692eb9,household,unsecured personal loan,se,24813.03,sek,1.0,2029-05-29,2023-05-30,2023-12-31
01b45c987d203c7510100dcc59972087db0d7d64ed4f988ecf99eff1dcd2ace2,household,unsecured personal loan,se,22922.0,sek,1.0,2027-12-09,2021-12-09,2023-12-31
01c41efeae3d70a1d05f80fa4cea5612bda579a532cc11c995c2ea8e36d3553b,household,unsecured personal loan,se,40492.64,sek,1.0,2034-01-28,2023-12-10,2023-12-31
01c55358d2a7a2fcaece25ba1a85cc0e49e99001b58ee91779333714b708753c,household,unsecured personal loan,se,63119.55,sek,1.0,2035-03-13,2023-12-10,2023-12-31
01d59769d9e7c160a5ec5820d64c6c857f1c378dc8010f8d98d893300094be87,household,unsecured personal loan,se,7258.33,sek,1.0,2026-12-01,2021-12-02,2023-12-31
01dfd9df72119cd7e24bfb1191f8a89a2df724958ab64952cb4dde78c885b379,household,unsecured personal loan,se,17529.54,sek,1.0,2025-04-28,2019-12-01,2023-12-31
01e53a08c582e34fb204f06a619bdf9ce863c47f2c19e69e2a63f1c947e96b7c,household,unsecured personal loan,se,41355.94,sek,1.0,2027-07-27,2022-04-12,2023-12-31
01e753c21b3b3583d51e3c1cdc04af1da4f5971d7df8d6eacb014e867e314b23,household,unsecured personal loan,se,24498.78,sek,1.0,2029-08-29,2019-12-01,2023-12-31
01f3350559d87f303f9be61571678264c6d2df050101fc33a680d988a4545056,household,unsecured personal loan,se,18029.27,sek,1.0,2026-12-06,2020-06-10,2023-12-31
01f961ce0380368d3fb369263b34d64f004a763b2d91330aeb1afac832be3ad0,household,unsecured personal loan,se,26886.87,sek,1.0,2029-06-22,2023-06-23,2023-12-31
01faa568c988e0e12598cd12b3b7537cbb8f3d4fecb5a758def328a4dbce20bb,household,unsecured personal loan,se,19749.51,sek,1.0,2028-10-24,2023-10-24,2023-12-31
020755142007a2041b1415788efeb7e14ca7bb9d7b38bb222ece97afc838e0ef,household,unsecured personal loan,se,38985.22,sek,1.0,2034-08-30,2023-12-10,2023-12-31
020fcd49c7accec46b2942e621158702c1fbf90fa0dcee67f996be33a7f23109,household,unsecured personal loan,se,19945.62,sek,1.0,2035-10-30,2023-12-10,2023-12-31
02117e7cce8e667b02be007ffbb86bb6e3c6d3a2434d4787ad92dacb53d7ac46,household,unsecured personal loan,se,25795.2,sek,1.0,2029-06-30,2023-07-01,2023-12-31
0217a143a2362253821a6a1b3143dc06671628c0e2b780a9b91b7c15f8dd3b88,household,unsecured personal loan,se,25900.55,sek,1.0,2028-03-15,2019-12-01,2023-12-31
021989232ba31034e3ca2b46cf7198754ed6d6fbff0849f91aa1c8b1b5860196,household,unsecured personal loan,se,48486.03,sek,1.0,2029-10-10,2023-10-10,2023-12-31
02200b5fedd04955ff2e5c1f9ddc877d653b7f7068a8c8d25c1015f456ad9977,household,unsecured personal loan,se,41485.0,sek,1.0,2028-01-18,2022-01-18,2023-12-31
023857466b6f7f074089eaf2a265066fabc272f34b085d83d01281d5aacdd8ac,household,unsecured personal loan,se,11809.0,sek,1.0,2027-09-21,2021-09-21,2023-12-31
0238b35dfa072b532a2e0724b45b7fe0272815ce01ac9a2cebcd2c889cfa0264,household,unsecured personal loan,se,24232.12,sek,1.0,2029-05-17,2023-05-18,2023-12-31
023998948d4312c94040d5de49177d056c83c53a76d6b5cadc4ea23ffb06d67d,household,unsecured personal loan,se,24288.9,sek,1.0,2027-12-19,2023-12-19,2023-12-31
024ef305c4b10a1084adf6f7ceed3f4cc005b79ffd90f5b4106936f130933e76,household,unsecured personal loan,se,46888.1,sek,1.0,2035-01-09,2023-12-10,2023-12-31
02585e376e70c177a6a2053ff5c1f3bc2e9a89df1686f6ac2086b8b8e4bc5c1d,household,unsecured personal loan,se,10888.88,sek,1.0,2024-08-21,2023-08-22,2023-12-31
025a13c69c1ae3f6bdee9b1fd45e16207a311e14dbd582d99737dcc5e4e92a72,household,unsecured personal loan,se,4333.49,sek,1.0,2024-10-09,2023-10-10,2023-12-31
025db427d4f781c960776376ac2c8276cdfafa37627724a7e5d18bb4e910716e,household,unsecured personal loan,se,43565.76,sek,1.0,2028-02-28,2022-06-22,2023-12-31
018eb3401f1eb88ae138984d46fb9dafa58d89010328ec3a11dfe941ba76ffcb,household,unsecured personal loan,se,42305.08,sek,1.0,2027-11-29,2021-07-02,2023-12-31
018fec31ffb112dae2438a445bfb3f86eb68b3b107ca5fd8fa10f1b4234497f0,household,unsecured personal loan,se,1654.13,sek,1.0,2024-12-18,2019-12-19,2023-12-31
0197697afd2c80fefdadf1b214aaf3e7605d34c908416bced1449c415810bad2,household,unsecured personal loan,se,9035.0,sek,1.0,2028-10-26,2022-10-26,2023-12-31
01978213385724452926083632296147ad956ef397a7d9305da8de19735b0e73,household,unsecured personal loan,se,28151.0,sek,1.0,2026-01-09,2023-01-09,2023-12-31
0198451c1ada4539fbdd68339a0397a7ccbd5c8d0352b507ddd63167cd359d54,household,unsecured personal loan,se,22281.13,sek,1.0,2025-10-16,2023-10-17,2023-12-31
0199299d89216c17e4730c3e79a6102b3d06558b7842320d715286fe8a17d5a5,household,unsecured personal loan,se,34673.96,sek,1.0,2034-09-05,2023-12-10,2023-12-31
019baf72ce6ff480454b017dab491f9d05384f42e29e4e6aad2ffd0c71ea7398,household,unsecured personal loan,se,468.16,sek,1.0,2025-12-31,2019-12-01,2023-12-31
019d02fe63bda7fc28b2a63e552bfb53f66cb46abfae0d1c9656447466d1a8c8,household,unsecured personal loan,se,12184.92,sek,1.0,2025-01-26,2023-01-26,2023-12-31
019f76fb58187424f2be6a28c37326f9d257d0e217d098d684729d823f3784d4,household,unsecured personal loan,se,23815.36,sek,1.0,2027-10-04,2022-10-05,2023-12-31
019fb3fa9b28680a84ca734fd658fd6d3edb744e6a354e008c2df0bde39da2a3,household,unsecured personal loan,se,86146.5,sek,1.0,2035-07-19,2023-12-10,2023-12-31
01a72996282acbbbbdd0e7df141f5b652568fceeccb602c8bd46eaf997b808b4,household,unsecured personal loan,se,4876.4,sek,1.0,2025-11-23,2023-11-24,2023-12-31
01a7a9f41f0c38bbf6d4d234b662993a7758b9c77c68547f6419a242e31874b9,household,unsecured personal loan,se,28398.93,sek,1.0,2028-01-20,2019-12-31,2023-12-31
01b1bdd63b1b74747392f8e58a4db867ee7a15534dd204a61dd58c55f0257f6e,household,unsecured personal loan,se,25058.36,sek,1.0,2029-12-29,2023-12-30,2023-12-31
01b6a334b674be58ce73d4ab84d2781c54c430ce442e0cfc31dc41eb25cf5ebb,household,unsecured personal loan,se,14057.97,sek,1.0,2025-08-17,2020-08-18,2023-12-31
01bb6ba40527c9b7c933d1a4acf5cbcfe9d6ac9818acfec8e55639627c2bf499,household,unsecured personal loan,se,8031.12,sek,1.0,2024-12-27,2023-12-28,2023-12-31
01bfd2b4432a445b21177ed99fd71f8b8f3168619922fd1bd48de2c7da899e41,household,unsecured personal loan,se,5081.7,sek,1.0,2024-12-11,2023-12-12,2023-12-31
01c1430c766c55f4dbee0bd1462e95ce52ecb6742d64c8d32f223ab5dbbd1462,household,unsecured personal loan,se,45039.58,sek,1.0,2029-12-21,2019-12-01,2023-12-31
01c5dd7968ea4cc5b5d74ba4504fb57903e807a339fc8370c6d36bfaf6821f6f,household,unsecured personal loan,se,45790.34,sek,1.0,2029-11-30,2023-02-07,2023-12-31
01cbdf35cef032064ed94df93322e680524258ce11da7420e6271f0a51de89fb,household,unsecured personal loan,se,10181.0,sek,1.0,2027-03-12,2021-03-12,2023-12-31
01d00ab018f75fb4bba7d88c5fa74f09ef54ab4af063a9290b749a2fdb173a39,household,unsecured personal loan,se,24674.58,sek,1.0,2029-09-27,2023-09-28,2023-12-31
01d1e07a7dd7d6a2bc064a770ef4018982326926262fffa73a116f1853c7fb9c,household,unsecured personal loan,se,25097.26,sek,1.0,2028-12-27,2023-12-28,2023-12-31
01d529279d0b2b8eac5d98d8d8ee3ecf1f86b940601911c302c758168f106963,household,unsecured personal loan,se,284692.0,sek,1.0,2033-12-23,2021-12-23,2023-12-31
01d72fb1fdfdf351d47f9f4194427ea99d5f5665e778b85f39c69426396c397b,household,unsecured personal loan,se,24520.15,sek,1.0,2029-08-28,2020-01-25,2023-12-31
01db0283468edc2b0ed2cb7637c4cac5691f676952ab5c63c66bceebb9f58a11,household,unsecured personal loan,se,25200.89,sek,1.0,2029-07-24,2023-07-25,2023-12-31
01dbd840f5cdeeec3236a008cf9c5ec2d14948c3be7c45aba75504ed0761a533,household,unsecured personal loan,se,14788.63,sek,1.0,2029-06-05,2023-06-06,2023-12-31
01e62e5a21a57ce7502c9e87fb6332ada464554ed372ba821d226105dd45d140,household,unsecured personal loan,se,33322.29,sek,1.0,2029-05-11,2022-01-05,2023-12-31
01e6a4651c557aa01bcec141c6e03f5958e916a7ee3a2b37b3dc0e90bdb689c7,household,unsecured personal loan,se,9900.49,sek,1.0,2024-08-31,2022-09-01,2023-12-31
01e6d2a704d0a400ddce396e0be6ad05da29a553d7784731ce13f00b1ec42fd4,household,unsecured personal loan,se,25252.88,sek,1.0,2029-12-19,2022-08-18,2023-12-31
01ed3c81065491659a3ea4a0ee1d51592350a317a2cb662c1b8ff998f354fd35,household,unsecured personal loan,se,21646.02,sek,1.0,2027-01-24,2021-10-05,2023-12-31
01ed89edbbb6a5a2857f4ad681fa548241aa681de7a84f50e27cdf0a7096088d,household,unsecured personal loan,se,68936.0,sek,1.0,2034-11-14,2023-12-10,2023-12-31
01efb230b2303b7800d19bb509f5b8771d9b5516b228c4c235d613abc3fd0d13,household,unsecured personal loan,se,1078.0,sek,1.0,2024-07-28,2023-10-10,2023-12-31
01efbb925daf86d1d8755d1b2566035a79d3d14284f8ddd4b3cbab4ba7dd5ce0,household,unsecured personal loan,se,21265.83,sek,1.0,2027-12-08,2022-12-09,2023-12-31
01f643df631b099e41c94862cfc6d86aa189526fa70aa545ef852cebebb9d8a4,household,unsecured personal loan,se,30752.15,sek,1.0,2035-03-20,2023-12-10,2023-12-31
02027b616ac936f7fee9c9da76f071bc19b59896d5b8fc97fd44a0bbaa5aa405,household,unsecured personal loan,se,47245.04,sek,1.0,2034-04-04,2023-12-10,2023-12-31
020ee842801fb50e885bc70335cf0425be004250981f240c70e301bef4d946bf,household,unsecured personal loan,se,44106.86,sek,1.0,2029-10-10,2023-05-23,2023-12-31
020fbf2d010fe93d817e5a507f688af2e271bb65abc2b3aa08a36cd5e941b005,household,unsecured personal loan,se,25379.41,sek,1.0,2028-01-02,2023-01-03,2023-12-31
02101db0c0e4123acb55274d8bc830bcb78151622d81c0a60ba3eaac3755c6e4,household,unsecured personal loan,se,24514.0,sek,1.0,2028-09-19,2023-09-19,2023-12-31
0210626771f3eeb290c80051d3f86ab3ee64417085895c1b5e95402e019891b5,household,unsecured personal loan,se,24477.41,sek,1.0,2029-08-30,2023-08-31,2023-12-31
021257dbba957e3bde305cdd92b485d62de2151ecb8256da40ef0d3c06927730,household,unsecured personal loan,se,37377.19,sek,1.0,2034-08-15,2023-12-10,2023-12-31
02169dbad72e55acd7f75a294d7134e3882452dd3e4643321b2c743ed7253776,household,unsecured personal loan,se,54039.17,sek,1.0,2034-11-24,2023-12-10,2023-12-31
0217e9e5f3667552df850f6f1086739eac71bba78634b5848b1929e1c8a2b939,household,unsecured personal loan,se,40583.15,sek,1.0,2034-10-11,2023-12-10,2023-12-31
021a013c9786197c6fecf94c199b1b3e487c2cc3e6330f7da3595f04f6ebd4f4,household,unsecured personal loan,se,8027.0,sek,1.0,2025-05-11,2023-05-11,2023-12-31
021a343965a9026e2076c22896f51cca09ca0dbf8a3bc50c477f794766610d82,household,unsecured personal loan,se,5226.7,sek,1.0,2029-10-13,2023-10-14,2023-12-31
02226df96ca2c22b71abb315cb4ebce053e27a1c3e05145a32fa90ea391125f3,household,unsecured personal loan,se,4205.23,sek,1.0,2024-11-14,2023-11-15,2023-12-31
0222ee167ef9b1aaca9330f2ee4e12743c5c7d5a184c2519f663ae29d82aab72,household,unsecured personal loan,se,31000.0,sek,1.0,2028-12-11,2023-12-11,2023-12-31
02274109453a58cd25a6ded1e2910c642a7b70d80615a93194e7f9eb3a927d64,household,unsecured personal loan,se,21473.0,sek,1.0,2028-05-31,2022-05-31,2023-12-31
022963e978e2bb6f19bb2083226941f4ecaaaa5617b653a9aad10d2f3da34120,household,unsecured personal loan,se,17368.0,sek,1.0,2027-11-08,2022-11-08,2023-12-31
022ea9a758c5911fc5ee5ec9a022e66379663136cb6273622706248bd069eaf0,household,unsecured personal loan,se,42853.91,sek,1.0,2033-07-05,2023-12-10,2023-12-31
022ec9f48261b19df5b75030208cc629fc2243cc6f528496de8d2bc833ad6db1,household,unsecured personal loan,se,23293.1,sek,1.0,2027-08-11,2023-08-12,2023-12-31
022f28981f706a6b5090e79908578eeeba28fac5314e1e76651875d270b4eb26,household,unsecured personal loan,se,17754.93,sek,1.0,2029-12-13,2019-12-01,2023-12-31
02302b59f92f773763db43b9f76098d62167959a772ff4418f3d36f6fbd3a3de,household,unsecured personal loan,se,21584.57,sek,1.0,2025-09-08,2023-09-09,2023-12-31
02332f27652cbaaf927b81e8d5e9066aba4bad64757d4bfbaee4785a484d8485,household,unsecured personal loan,se,6134.79,sek,1.0,2024-08-04,2023-08-05,2023-12-31
023628ac1a484cb9502c1516f8060f1e9a0efa3f74494d3c1db2b1cf3d891d40,household,unsecured personal loan,se,9501.74,sek,1.0,2035-10-17,2023-12-10,2023-12-31
023cc87e578b3faba36de98b40b2d134263e39e1c1a23184fb0dae052c39356a,household,unsecured personal loan,se,4941.76,sek,1.0,2027-10-18,2023-10-19,2023-12-31
0240b010cc7298fca6198bba4419cd2fa9e3ba93bc3d6963579a1f6d99641604,household,unsecured personal loan,se,24231.91,sek,1.0,2029-08-04,2020-03-31,2023-12-31
024592873ff270c7e6cd2aa0d2005a6d18e5d9b92e1c8dcddb08f75cbf81dfaf,household,unsecured personal loan,se,6046.95,sek,1.0,2033-07-09,2023-12-10,2023-12-31
02479babc2985fd7a98057f49f48b2681292c532c7d73805284b4ca1656b8da8,household,unsecured personal loan,se,19687.13,sek,1.0,2025-10-21,2023-10-21,2023-12-31
024b83cd5b724c78ed0888ad0851ec9ec8eafa7e163723ce20612017fc479096,household,unsecured personal loan,se,24227.04,sek,1.0,2029-09-11,2023-09-12,2023-12-31
024b90bbe89c089106839886a24c53ba90bb0d5b62d52a99a610c02d9809ee1c,household,unsecured personal loan,se,68265.0,sek,1.0,2033-01-29,2023-06-29,2023-12-31
024e6006072c215d2aff344be4ce06bdb4585cb92399a1d7d560b1b7d61819ab,household,unsecured personal loan,se,21533.83,sek,1.0,2026-06-05,2023-06-06,2023-12-31
024e82fd2dad577be49760ea785a6926d6e6994b165a3fba2d8a7c2b5d52a8b4,household,unsecured personal loan,se,24265.25,sek,1.0,2029-06-27,2023-06-28,2023-12-31
0252d937b5eac8ee666a2e67751fe50b2d14a45b6880fdf846b64b3961f637d9,household,unsecured personal loan,se,43473.97,sek,1.0,2029-07-02,2021-09-07,2023-12-31
02562538b41c29958815a0b9927651e545f13c1ce6d11a82734bbc779017b0ae,household,unsecured personal loan,se,15298.0,sek,1.0,2027-03-03,2022-03-03,2023-12-31
025af54e330edf2d829eb119cccf922ed171138ec77a0f314981348bb5d3eda6,household,unsecured personal loan,se,69145.22,sek,1.0,2034-07-04,2023-12-10,2023-12-31
025b54e016d9b122b224bfe2284b3f1ada0bf036ed1abea3b93c577fa0d7958e,household,unsecured personal loan,se,3841.99,sek,1.0,2027-03-01,2022-03-02,2023-12-31
026130a1112c2266ccf69f54f5dc06eee53062ccffe05181d44afc3c8af13672,household,unsecured personal loan,se,22171.27,sek,1.0,2026-07-03,2023-07-04,2023-12-31
02649d3db55c637639b4792eac2ddd00da10376cf852b785456b231515301dd3,household,unsecured personal loan,se,273684.0,sek,1.0,2034-01-01,2020-07-06,2023-12-31
026a72da155790c36429a30f43f32ed60fced0bfb3130976d79a844518e13dce,household,unsecured personal loan,se,55358.26,sek,1.0,2029-02-09,2023-02-09,2023-12-31
026a8f50b9faf191cbe1ac773482a23d2a17e60b8dba16b08e4d39e9dd1badb3,household,unsecured personal loan,se,19136.95,sek,1.0,2027-03-14,2022-03-15,2023-12-31
026c14f6e2e2c73aaa57d8ae7effeb7cfb2d96f3e8f81976a6dc74f97fe50484,household,unsecured personal loan,se,64761.32,sek,1.0,2034-01-31,2023-12-10,2023-12-31
026e8b4a36b2bc56a93e2f70a65642ce3cc6aa8c9f0d38b58d7cddcacf0808e2,household,unsecured personal loan,se,23954.17,sek,1.0,2029-08-17,2023-08-18,2023-12-31
026e9408d728e6fbc141e0fcec02ced8ced1a19d034836b0a81b2a5ef204e391,household,unsecured personal loan,se,24372.04,sek,1.0,2029-09-04,2023-09-05,2023-12-31
027037208d6d694763c388a51eddbf7c53f135c837708dafef7c32b07519e543,household,unsecured personal loan,se,9458.25,sek,1.0,2029-06-16,2023-06-17,2023-12-31
0277443dd6ec93d40ef51f5166315e4c5cea69d98a5fe4950e20bb8c157f5a14,household,unsecured personal loan,se,8607.94,sek,1.0,2025-09-11,2023-09-12,2023-12-31
027cf2df61a442d270513e151dfc611b54b44a957604750f8220ebeaf1a170e0,household,unsecured personal loan,se,23686.58,sek,1.0,2028-06-26,2023-06-26,2023-12-31
027d31d8985a9251df8c32cf1e044a5032cf946fcc66f5d3981005fe0f15bad9,household,unsecured personal loan,se,48030.55,sek,1.0,2027-09-28,2023-09-28,2023-12-31
027e6b4a283dad0328e51ae09903f9b1c6496b332b5bc63f6f5ef484e03a1662,household,unsecured personal loan,se,9381.0,sek,1.0,2029-03-29,2023-03-29,2023-12-31
028222c1c260b2baebd8ff032f6f39c62726f2f72e0bc76dc75f785b072139ff,household,unsecured personal loan,se,19663.48,sek,1.0,2027-03-28,2022-03-29,2023-12-31
028a600f85767c7b7839322150601165566114b419b96ed267285cfb165440c3,household,unsecured personal loan,se,8812.0,sek,1.0,2024-07-30,2019-12-01,2023-12-31
029134684ba31d8968a3280252481b4afb2d62d831d4c53fbb2aca3c7d77fed4,household,unsecured personal loan,se,24564.6,sek,1.0,2029-11-09,2023-08-15,2023-12-31
0292da3455b0380c8045a76d9724aa0b19b2b308337b2613a9e3f602adca231c,household,unsecured personal loan,se,11555.0,sek,1.0,2028-08-02,2023-08-02,2023-12-31
0293b0ec6dac781e497bf529efef04aad272b54f1b8d77272366a4acf086b34b,household,unsecured personal loan,se,48848.98,sek,1.0,2028-03-01,2022-05-24,2023-12-31
0295094387dc9d3af7d1face7a2eae5cf3cf19c16c54442cce83afdb40120b8e,household,unsecured personal loan,se,25208.4,sek,1.0,2029-08-30,2023-08-31,2023-12-31
029878f87a962a470d31691129662fb86e3851afb73ab080b59d1281671b2747,household,unsecured personal loan,se,49612.93,sek,1.0,2027-07-31,2020-03-20,2023-12-31
02997f79a513f28fc22bfff03b4951290c72bb7aadd48d0f058815405fb9ec46,household,unsecured personal loan,se,25198.11,sek,1.0,2029-08-28,2023-08-29,2023-12-31
029b0998855b423a72d690ec3ab65105ff7d1df6730fc062586274e453109216,household,unsecured personal loan,se,2911.47,sek,1.0,2025-01-07,2020-01-08,2023-12-31
029f7650cf9592dbbcfdbfe1a0f952aae0e1ab38fba03654bb5c097df320460f,household,unsecured personal loan,se,10422.21,sek,1.0,2024-08-08,2019-12-01,2023-12-31
02a2bf2cfd89b8952a34763cfb394c199bd8af53cbcf08c12a3b40332fec66c3,household,unsecured personal loan,se,11892.84,sek,1.0,2024-11-04,2023-01-17,2023-12-31
02a35629515c2ce8cf82d894b010055fa782056b42391b5323235c5c6e34f1cc,household,unsecured personal loan,se,63666.68,sek,1.0,2035-02-01,2023-12-10,2023-12-31
02ab74807b0ab0bc43d244444655a45edddac46def3fda2b9c711d05df824b7b,household,unsecured personal loan,se,19805.78,sek,1.0,2029-12-07,2022-12-16,2023-12-31
02b516cbc17c9d658381eb7c1d7114dc0d81d85546da799379378b388bb9dd09,household,unsecured personal loan,se,8321.14,sek,1.0,2024-12-15,2023-01-11,2023-12-31
02b5725a46b2ead4613235c71db4fec600aabf490dd198060523a7404aae56c1,household,unsecured personal loan,se,9169.67,sek,1.0,2028-02-23,2023-02-24,2023-12-31
02b9f1d75702243280b0cb02b0160852d64e16990290f99e21fe7598e46d200b,household,unsecured personal loan,se,21981.02,sek,1.0,2027-01-19,2022-01-20,2023-12-31
02bc350c63d35efaa1add8b9464e64cfb764c183e359e12161b810a9c955f372,household,unsecured personal loan,se,4565.0,sek,1.0,2024-06-18,2021-06-18,2023-12-31
02bdee68493d7d16a39832863ba9076c1a6cd07c9a3926e42ea102bfaafeace4,household,unsecured personal loan,se,69231.14,sek,1.0,2032-10-31,2023-10-31,2023-12-31
02c1d88bd8ec5431b1b59d9ac2f1f99db20f09a9b621b3611d0a699f0975cd18,household,unsecured personal loan,se,38457.13,sek,1.0,2035-02-27,2023-12-10,2023-12-31
02d1482af98c0757983cccb8bee7a06964eee642a521d27cda7f5e9e8508e567,household,unsecured personal loan,se,24353.16,sek,1.0,2028-01-20,2020-06-18,2023-12-31
02d34086fba9b517b7c8517cce2a3d928560406f0fa4fd6d0a4d69776ed13fa6,household,unsecured personal loan,se,20297.31,sek,1.0,2028-05-22,2023-05-23,2023-12-31
02daf0bad5947392e814cc4542896560c8b91326745972ab310ef669131596de,household,unsecured personal loan,se,26064.98,sek,1.0,2028-08-22,2023-08-23,2023-12-31
02e4ff896deae771fc514ff5f8c4fd43c05f452fd3dc8c8bdcffac1adb1e3816,household,unsecured personal loan,se,39984.53,sek,1.0,2033-11-30,2023-12-10,2023-12-31
02e54d5250d9432c507d57758454837fa92578530909426ce5c9b46a09967af4,household,unsecured personal loan,se,31759.0,sek,1.0,2028-11-30,2022-11-30,2023-12-31
02f2ab3c3fe86a167eb7983e910ddba3f3be135c9df80cee2e12c291391b6783,household,unsecured personal loan,se,243934.0,sek,1.0,2034-02-25,2022-01-25,2023-12-31
02f40fb5751d26be044949b1c8ac8c44b1feea89f69886719a97cc2f37857f7b,household,unsecured personal loan,se,17123.29,sek,1.0,2025-01-09,2022-07-07,2023-12-31
02f4a3c08046ed96a97fc9d79a660abb80642e1252059134e1d3e648d10630c1,household,unsecured personal loan,se,24678.66,sek,1.0,2029-12-11,2023-12-12,2023-12-31
02f4ef93db8040beca9e0e2e7f3551d021a0ab6bb406f2a86fa2d28556ec336f,household,unsecured personal loan,se,21050.87,sek,1.0,2026-10-08,2021-10-09,2023-12-31
02f58d86bbaae016fe4e545cd72f46bdc48fac82399e345ef2eaa903e94ec0fd,household,unsecured personal loan,se,86871.94,sek,1.0,2034-06-10,2023-12-10,2023-12-31
02f5cc8d4f44912c28ff0e039fd0c24970d73634b9f40f287b7fe176d1cb995b,household,unsecured personal loan,se,4666.87,sek,1.0,2024-12-30,2019-12-31,2023-12-31
02f718f40c6377bc40ccd34a2fa7c637da168ea2500ce687d218b917ba69f054,household,unsecured personal loan,se,13814.11,sek,1.0,2033-08-17,2023-12-10,2023-12-31
02fbd3490cd75f151cfb199661685e9f10a9d3c3e0e596f68e3a3f6f701a8202,household,unsecured personal loan,se,8516.85,sek,1.0,2029-09-09,2023-04-07,2023-12-31
02fd6a35336065030e4fff60dd21328f6c0085e6727a30a855435f8e1b8329c0,household,unsecured personal loan,se,97625.55,sek,1.0,2031-06-30,2023-06-30,2023-12-31
02fe4739602be2ba6444d89afaf8a7cc1403cd8e1c12c8645c38e1b9f3d092bd,household,unsecured personal loan,se,48092.5,sek,1.0,2031-04-06,2023-04-06,2023-12-31
03044a45052ecdcbf33b9b8e37f51adf3c16be624b5932195cec7abfcf80748c,household,unsecured personal loan,se,14763.36,sek,1.0,2026-01-18,2021-01-19,2023-12-31
03053ab034379d64ee516e76183a797d1445a0e8f0acea4a82ef68d645bb3314,household,unsecured personal loan,se,38691.72,sek,1.0,2027-05-13,2021-07-01,2023-12-31
030b084d419e65f7aea3d27088e918981ef1973f8d5bd32cd794638a242a6b2d,household,unsecured personal loan,se,28335.0,sek,1.0,2031-12-07,2021-12-07,2023-12-31
030c7d8e5d5e0b52cfb7311d9d9843f4fe5738e9d18b4a623d3e2bda024b3a8d,household,unsecured personal loan,se,24669.69,sek,1.0,2029-08-21,2023-08-22,2023-12-31
03127b469ca3519a2c251f049a03dd3509e4a7e8e626adee9c3ad2923bcb1a13,household,unsecured personal loan,se,102272.54,sek,1.0,2034-06-27,2023-12-10,2023-12-31
031716914684faac078e490951b0f42e77ea883ba9567ea599b2b13142f94111,household,unsecured personal loan,se,23912.68,sek,1.0,2029-07-12,2023-07-13,2023-12-31
0317ed9fc425ade02a3216f77177a89de83b67f86eab680151fe7e03754ddbe7,household,unsecured personal loan,se,69732.22,sek,1.0,2035-10-16,2023-12-10,2023-12-31
0318a5413f138d821d4ed0e4239f239515bfa45c57448837eeb3051a1e59a642,household,unsecured personal loan,se,49406.97,sek,1.0,2029-11-30,2023-11-30,2023-12-31
031a58a5b594381379537c57c949ce42ccd86fba5ac5532da31c697c1e2871c7,household,unsecured personal loan,se,25336.13,sek,1.0,2029-08-28,2023-08-29,2023-12-31
031d4b79de725ffb74d49003bd87be87742175c0857f84e86def90db1e3d17fc,household,unsecured personal loan,se,56378.86,sek,1.0,2035-03-03,2023-12-10,2023-12-31
03265e09e33686606267cff60f09bb18ba4ac1d0f504bc9713f76c1542be1a62,household,unsecured personal loan,se,6952.0,sek,1.0,2026-09-01,2021-09-01,2023-12-31
0326beb65a2e5f9b3206287ae859a26577e756f2941f5164b4633ab9f8d7f17e,household,unsecured personal loan,se,18600.7,sek,1.0,2026-12-29,2021-12-30,2023-12-31
032a4cd6639b1511de4b97fbb107591787ff57cff0fc786fecb1648dad841de8,household,unsecured personal loan,se,632.91,sek,1.0,2032-09-21,2023-12-10,2023-12-31
032a53eda065f6f5162e58a9e8f2f0b9e68174e1f7ec8a62fec918435ad93b7e,household,unsecured personal loan,se,24125.09,sek,1.0,2029-08-09,2023-08-10,2023-12-31
03321e6fff3b444f7b7f99c13a4904428e725e41aa5ca290c842269251b7c9a7,household,unsecured personal loan,se,42500.42,sek,1.0,2028-03-01,2020-08-27,2023-12-31
033c566d4a038a68db85ba239b9b97af507769f2ef628f5ee2e84ffd03cedf04,household,unsecured personal loan,se,90107.8,sek,1.0,2035-11-20,2023-12-10,2023-12-31
033e023917bfc7fff123c5aedc214a71c4df8e1a3a2c60638f297a5df5f75046,household,unsecured personal loan,se,45723.0,sek,1.0,2028-06-27,2023-06-27,2023-12-31
034126b88b8786e83d65a55b58aa446a15a63fa1d2408bef939e8974b7be000a,household,unsecured personal loan,se,4722.17,sek,1.0,2029-04-04,2023-04-05,2023-12-31
0342abcabefa12ac32f76e9d4ea924050a13c8ffe49695199085d4e8cc601aeb,household,unsecured personal loan,se,109396.09,sek,1.0,2034-10-07,2023-12-10,2023-12-31
0343d4429c523a695a9fec31d8aaee23af5af6f4042e5d0dd7ff4ff76712efdf,household,unsecured personal loan,se,24406.67,sek,1.0,2029-05-08,2023-05-09,2023-12-31
035012b4a570f98dd9b4c9e785d9222b6f404b4bb08d04b376dfcd4e76565020,household,unsecured personal loan,se,24125.09,sek,1.0,2029-08-09,2023-08-10,2023-12-31
03541d457eb0787130a061646a7a9ce92943afe32bb51a9259d4bcbfaf1b272d,household,unsecured personal loan,se,14151.45,sek,1.0,2028-07-10,2023-07-11,2023-12-31
03588f70d853eeb7df8d75d74a9f8d1bc6e1cc9ab9e2cfaccd1e56191d506f25,household,unsecured personal loan,se,17721.07,sek,1.0,2026-09-23,2021-09-24,2023-12-31
036109f556b9b7d6c62cc22ec047fbd79b0796f4b2b5960f29228764aabd8f1c,household,unsecured personal loan,se,38479.12,sek,1.0,2033-07-08,2023-12-10,2023-12-31
036385e8a808f868abbf5aea26048b3a3b463586503853108de94539dee05cdb,household,unsecured personal loan,se,25060.72,sek,1.0,2029-09-06,2023-09-07,2023-12-31
03741d57e852caf2856e41ab00d573711e774135f451c13645599d64c1f593b5,household,unsecured personal loan,se,24405.23,sek,1.0,2029-11-17,2022-10-04,2023-12-31
0376a8822e35278cbc6c3e464ffe86ba5bcaabe70c03e11167ebc2053192f399,household,unsecured personal loan,se,465.61,sek,1.0,2025-12-31,2022-02-02,2023-12-31
0377a8379e222d3ed2fddcaba1a50a51ddb383a112a09eee54a816ea768ef3e8,household,unsecured personal loan,se,89352.97,sek,1.0,2035-09-18,2023-12-10,2023-12-31
037913e97b0a8e20cdb77866366dbf0ea20c65aa812c8675b9a19b48fe05013a,household,unsecured personal loan,se,40483.77,sek,1.0,2029-06-08,2022-05-31,2023-12-31
0382b6763e21758eff99547e8b7c4a7f7ac92506771f24e0408df60a0973b962,household,unsecured personal loan,se,24570.67,sek,1.0,2030-02-01,2023-10-03,2023-12-31
0382e7fac2c6436d96ee2768e40d7f9caefeb28a9674fc9d7b127538657b2c07,household,unsecured personal loan,se,21568.84,sek,1.0,2027-08-19,2022-08-20,2023-12-31
0387b56aa3670336da72573f2a7d9767b827b5b118fc2da7532669d075604ce1,household,unsecured personal loan,se,204995.0,sek,1.0,2028-04-12,2022-04-12,2023-12-31
038d2ea1df1e755d722dc65d681533bd96b42cc299d375152a1d066456335fb2,household,unsecured personal loan,se,8196.5,sek,1.0,2025-12-31,2023-05-05,2023-12-31
038f8443f1b84b111930b9651e22ce9bd1491d5e57a95b580d0ab0e02535c4cb,household,unsecured personal loan,se,34277.42,sek,1.0,2027-03-14,2021-05-12,2023-12-31
0390686b9aa1f112b120c30dcdee2a3b1fc939318a9dc7272e100b8818512980,household,unsecured personal loan,se,21675.97,sek,1.0,2034-07-05,2023-12-10,2023-12-31
03906c72d741ad21ede98044dab883e879ea4015fe60c554e0e4df883889ef2b,household,unsecured personal loan,se,33403.75,sek,1.0,2033-07-23,2023-12-10,2023-12-31
039250a3fb7c5199e241eee41a4d891b1049468a21407e5662b4a7c31a01a536,household,unsecured personal loan,se,68091.96,sek,1.0,2034-05-20,2023-12-10,2023-12-31
0394974f9375c4aae1fd711fac3dbe8bab7e3070c5ff703539e22ed1e4e3de4b,household,unsecured personal loan,se,45184.24,sek,1.0,2029-10-28,2023-05-31,2023-12-31
0396f08b3963ad99105b9a69d7b381801e3704684d64ce542fbf09a4bedb59c7,household,unsecured personal loan,se,3189.0,sek,1.0,2031-09-23,2021-09-23,2023-12-31
039c1eac53cacaa273a97b835cdaba6f1d8a66e6f31064a5a999dd03ce4d9292,household,unsecured personal loan,se,26722.98,sek,1.0,2033-08-30,2023-12-10,2023-12-31
03a199d54f6180107dddf303035b1b960b58eb0718d0904e71ce7799eff588d4,household,unsecured personal loan,se,29401.6,sek,1.0,2026-10-30,2023-07-05,2023-12-31
03a432dfed13d4559b78d1dfc1eef9eded051827fd747462f209a60c50ab721a,household,unsecured personal loan,se,26068.21,sek,1.0,2033-11-29,2023-12-10,2023-12-31
03a57771bde718f3f49b8d319ab81be51030b652b6da571f74895a1d259f7312,household,unsecured personal loan,se,23416.29,sek,1.0,2026-08-14,2023-08-15,2023-12-31
03aa05774f58dfd05ab4b8a52fc0804bde1dc662c229ccc2a526ea45712aa251,household,unsecured personal loan,se,18963.7,sek,1.0,2026-05-27,2022-05-28,2023-12-31
03ae0c1dd43eaa6ebad86e3ef6e1b826e46a4baf2000f524a4c34ad18448463c,household,unsecured personal loan,se,140095.18,sek,1.0,2032-05-31,2022-05-31,2023-12-31
03ae2d377df5438ce2e3557ed1b66a4eebddc988f1a1a4a5798abb96d4682c07,household,unsecured personal loan,se,24580.47,sek,1.0,2029-07-19,2023-07-20,2023-12-31
03aec5b8da08a804a35208674c07437420fe15af7c1f7fdb19ba86f477456455,household,unsecured personal loan,se,80511.91,sek,1.0,2034-10-11,2023-12-10,2023-12-31
03b6442a9a75a5c87a23a3c11ec939be086a729ca331a562cd97710eb744d55a,household,unsecured personal loan,se,23890.8,sek,1.0,2029-07-13,2023-07-14,2023-12-31
03b85e300710bb6acaf5e7665981a7479118a9d13849899ac918462d4c3afd38,household,unsecured personal loan,se,48038.18,sek,1.0,2030-02-16,2023-02-16,2023-12-31
03c46fba42c22f4973a6ce39d21450f693f13dc1caeb3ccecfbd13372e408fd0,household,unsecured personal loan,se,21899.88,sek,1.0,2027-12-05,2022-12-06,2023-12-31
03c4f89634b54ca235289a4bad217652c13a54dd6d1527ac5384dbe4d2d632fd,household,unsecured personal loan,se,142765.84,sek,1.0,2032-05-19,2022-05-19,2023-12-31
03cbb544be33a711f2e4553535b49acdf8e0bdeaa02d4ec9d3f27d11347aad83,household,unsecured personal loan,se,30922.03,sek,1.0,2035-08-02,2023-12-10,2023-12-31
03cebc23698b44ca8b5fc705cadcd24b42db5552f93cabecf3c76d69424567b9,household,unsecured personal loan,se,23201.23,sek,1.0,2028-05-08,2023-05-09,2023-12-31
03d1ca90b1b1f41c6f5d320e82e1a459efec3df5ae69eba32ac44d3330bd4c71,household,unsecured personal loan,se,41470.69,sek,1.0,2035-08-25,2023-12-10,2023-12-31
03d1d31a54d22e678a96b6920c01237a3969e0f038a4f5a364ee9ad3b50459a2,household,unsecured personal loan,se,24529.91,sek,1.0,2029-10-04,2022-08-05,2023-12-31
03e02a1642f9bceba693fab645e22c1279964bc71d3518db15a852357c271395,household,unsecured personal loan,se,7502.09,sek,1.0,2025-12-28,2022-12-29,2023-12-31
03f44fa1d320d00e2ec024bf798f79ea1e3dd3fe472755d61b21d2aa766dcd13,household,unsecured personal loan,se,11280.37,sek,1.0,2033-02-02,2023-12-10,2023-12-31
03f4b62ca379021881cb9d5e3a8cc1ed36d728cc8de17f379b545c08dddb53f4,household,unsecured personal loan,se,29674.0,sek,1.0,2031-05-22,2023-05-22,2023-12-31
03fc6a16db1e855ba71ec59d44030c40959fb9e1df447d45feaa138aefcbd8cd,household,unsecured personal loan,se,30206.56,sek,1.0,2029-09-01,2023-05-09,2023-12-31
03fd8ea08a0651706e1112892b1cc14e8987ec44ef3eb76d9638ce72f75847f8,household,unsecured personal loan,se,27880.71,sek,1.0,2035-12-05,2023-12-10,2023-12-31
03fdb11d182ca7b1e4e46087b0bb39ccc7b323e956b9bb91809b16c5ceb0967d,household,unsecured personal loan,se,23759.75,sek,1.0,2032-01-30,2023-12-10,2023-12-31
