customer,customer_type,deposit_type,country,amount,currency,exchange_rate,start_date,maturity_date,reference_date
0002767be2fd774f796f9a90dea9be48f6cbb41b6404ef19134bc536ae9bd97e,household,fixed,fi,1000.0,eur,11.096,2023-10-31,2024-10-31,2023-12-31
0010c866e31af49ac1e5286bc0606e6a34fc68daf68f5258a1df69de7f961c39,household,fixed,fi,70000.0,eur,11.096,2023-01-23,2024-01-23,2023-12-31
00221a07b4ab91714997432490aeef35be55c15e47429c591c85fb6a5da8e75b,household,fixed,fi,10000.0,eur,11.096,2023-08-29,2024-08-29,2023-12-31
0029d9489632a584e3e6492e109987159083b2843b391b459d94b271149a7f7a,household,fixed,fi,10000.0,eur,11.096,2023-12-19,2024-12-19,2023-12-31
002db3caa61bfeeb6a8323aca83f02175f753bec5c99101b04af9f0904b12442,household,fixed,fi,0.0,eur,11.096,2022-12-07,2023-12-07,2023-12-31
002e0e8e01c8fa0e62ecf0ceb1884cdc63838a09850f1329c16c5d003cf251af,household,fixed,fi,3070.0,eur,11.096,2023-12-28,2024-12-28,2023-12-31
00404ab016a7013a6523066eb9b7ebe0b790d07b025083a0a474d27bb9cb9d77,household,fixed,fi,30804.0,eur,11.096,2023-12-18,2024-12-18,2023-12-31
00411ae569f7458b77d7063c10234a4c82d28278942894db1f283a6835e1c923,household,fixed,fi,30000.0,eur,11.096,2023-09-07,2024-09-07,2023-12-31
004f798f2fc281d950cc5e8a4522a2724b99042e37c311bc5520758d1cc6607f,household,floating,fi,36933.36,eur,11.096,2021-11-15,,2023-12-31
0059b7a1bfc7c5a2c021b24a08c700f700681cb446b78bc76e263fa973b924dc,household,fixed,fi,85000.0,eur,11.096,2023-09-19,2024-09-19,2023-12-31
005d6d7a20d1a54bb2a9289bff410391f222aad6bb79264e320bbb51fc9112e0,household,fixed,fi,10000.0,eur,11.096,2023-12-21,2024-12-21,2023-12-31
0061c50b11f10fde32de3b45eae2aa8dcb7121edce39640fff3ead930feb6872,household,fixed,fi,20000.0,eur,11.096,2023-12-27,2024-12-27,2023-12-31
007c88c9569137e1a9d62fc67c05f1faec52a6fca226ec325671455003388c5b,household,fixed,fi,15000.0,eur,11.096,2023-12-21,2024-12-21,2023-12-31
0091f9ee39ad8c1ff0cfa97e2222ef832071ab18efb8bd37403eadf3d7a5683d,household,fixed,fi,5000.0,eur,11.096,2023-04-19,2024-04-19,2023-12-31
009bfb503475aec7cc0b23a298da7d9000c814af54d4e2f920d3c98c29c94352,household,fixed,fi,10000.0,eur,11.096,2023-12-29,2024-12-29,2023-12-31
00a6300a2c475bb60f91da6363c22da8aefa846cf9a42854b90763080015b46f,household,floating,fi,0.0,eur,11.096,2022-11-23,,2023-12-31
00a7baa2b6e6f70160109ca36a5e6389e8a7366a29e442629714065e5ee815b6,household,fixed,fi,5000.0,eur,11.096,2023-01-16,2024-01-16,2023-12-31
00b5d84eb0295ba46cffed84fd1a6b3f60803a42ed950bbe8f9d016eaafb08b6,household,fixed,fi,5339.36,eur,11.096,2023-12-27,2024-12-27,2023-12-31
00d92951f69d1a929de5319554ee4a21400fce9d6c8ec89bb1bbef40293169ee,household,fixed,fi,70000.0,eur,11.096,2023-12-21,2024-12-21,2023-12-31
00da4c330edfa4ece3b34d84fc247e6b58e11d93b73f97817e5ad861df16e3a5,household,floating,fi,46236.53,eur,11.096,2021-11-16,,2023-12-31
00e6b20c0c6796d95f95cd1c13470b7b008de54a45a8fa9bd83421726d28d957,household,fixed,fi,50000.0,eur,11.096,2023-12-21,2024-12-21,2023-12-31
00ef381aa7cc538f848e0e4bcce6603237c619f65903579291764d86e3f8738e,household,fixed,fi,20000.0,eur,11.096,2023-12-21,2024-12-21,2023-12-31
00fdd086144314e0b168d38ab995b8350576c53f9958b84bd5923630f3b40f2a,household,fixed,fi,16000.0,eur,11.096,2023-03-21,2024-03-21,2023-12-31
01048be705e5e3e3475b35d36b7f15109103cb6d365390ff58c17b840851b6ee,household,fixed,fi,10000.0,eur,11.096,2023-12-27,2024-12-27,2023-12-31
011cb9a0c09f1834aa56f1d2fe32f2328a4986815c2f8e9347abf6c078822898,household,fixed,fi,26000.0,eur,11.096,2023-12-27,2024-12-27,2023-12-31
0158cc02cc72f96153ea184ce3c5edf306bcbe5d13b0ac008f6e139c5f17f6b2,household,fixed,fi,2025.0,eur,11.096,2023-09-05,2024-09-05,2023-12-31
015b6f14a7c94fde5d064740abc95c8ac0cd01835395a3fcdd04504261ab80b3,household,fixed,fi,50000.0,eur,11.096,2023-12-20,2024-12-20,2023-12-31
0164d08aada329493809b326e67c0aaa20f8ab0bf59606c0d1c63f3550aabc49,household,floating,fi,60254.08,eur,11.096,2022-11-23,,2023-12-31
016c74ed6ca5c15e22ca1fd55b6616447297275e5a2bd17bab4647f5caf2eb0d,household,fixed,fi,14083.9,eur,11.096,2023-12-19,2024-12-19,2023-12-31
01855deaed133da2c1b77338306e3e806155cccb5dae6d90469a62f63d2364c0,household,floating,fi,1465.04,eur,11.096,2022-01-19,,2023-12-31
01894628c13c9197505a4df0f6361055dac66d6d6c449d6de9951584ee24ec46,household,fixed,fi,24000.0,eur,11.096,2023-11-08,2024-11-08,2023-12-31
01b5586c1d139a64a2308344d411ab169a8b336b24285fd82b6ecfa4c318765d,household,fixed,fi,85000.0,eur,11.096,2023-06-22,2024-06-22,2023-12-31
01c85b7147fbdabd2763263ba63bb687cdda4ffbee7bd674d6a6f45e185a6b87,household,fixed,fi,0.0,eur,11.096,2022-12-01,2023-12-01,2023-12-31
01cbc419f9377961d0cf89e13ddb11650aabe297d0db80f4fe85de39e4063158,household,floating,fi,71889.13,eur,11.096,2022-12-01,,2023-12-31
01d8d332e55d20f8c9fdd007c2a70fdd8717c34af90012390b337208fb2c6f23,household,fixed,fi,10780.0,eur,11.096,2023-12-20,2024-12-20,2023-12-31
01da74aab3e9fd1ac807c65c768817d73ecbeda28e04badb8f369fd846f6b0bf,household,fixed,fi,1500.0,eur,11.096,2023-12-19,2024-12-19,2023-12-31
01ddbc4a07b2d116f3a646b8ce07ad14ec7be36deafa8b761816669ad6ccfd61,household,fixed,fi,20000.0,eur,11.096,2023-05-22,2024-05-22,2023-12-31
01fde93a8b533003fd7554a7e729eb863435351d3c94eb46c06066f68fb1778f,household,fixed,fi,5031.6,eur,11.096,2023-12-27,2024-12-27,2023-12-31
02005be8ecf9f2d24ba604e10168d04fd7f7e839ea93acf1ab583a2a914adbac,household,floating,fi,1019.65,eur,11.096,2023-05-19,,2023-12-31
020dfff3a2f928fcba5dd23318d9d729d1c7809a258dfef9792e0b2fff053dc2,household,fixed,fi,20600.0,eur,11.096,2023-10-30,2024-10-30,2023-12-31
021228430f7864e953ab0f6795e649e0a16cc36e8dad8d80af92e788d33b7a1a,household,fixed,fi,10245.0,eur,11.096,2023-12-01,2024-12-01,2023-12-31
0214a6d3a6eb9214a31b4238b17d3b9d1e49277575dca06b77acb4b46ba4efbd,household,floating,fi,10287.31,eur,11.096,2022-11-28,,2023-12-31
021fdec5e20df0ffb719553175c6df7781ea583264353d64e1fd0778e6d94615,household,floating,fi,1027.65,eur,11.096,2021-12-21,,2023-12-31
022935c5c6a60ffb6d1306f78543b6819bb61d82d0456449c0670884e1dad6be,household,floating,fi,25638.23,eur,11.096,2022-02-15,,2023-12-31
0230446584cb2f6da5ade8403785dcb05541ea28f8ec77d3efbfb6b37a4f665c,household,fixed,fi,85000.0,eur,11.096,2023-12-29,2024-12-29,2023-12-31
02548944ae343e7a5f3614341ad6adabb4a288e50dd2a7cfed120153ffbb618a,household,floating,fi,2112.17,eur,11.096,2022-11-22,,2023-12-31
02585d032f8c268e0a10bc696ba9bcd35ba4a9476c566d2d78e58be04f82f017,household,floating,fi,10236.48,eur,11.096,2022-12-01,,2023-12-31
0271c74478f4b50c8fb81c9c4f1ad21549f2b780170812f04414273240bacfd3,household,floating,fi,30672.34,eur,11.096,2021-11-15,,2023-12-31
027eef3b976cfcdd749047016d0cb7bf9f7a8b19af7e32c84db7fadf5f093477,household,fixed,fi,20000.0,eur,11.096,2023-11-27,2024-11-27,2023-12-31
029abf28f133818457590628074c851a537f3605c7ecc85e512e7335bab06866,household,fixed,fi,10000.0,eur,11.096,2023-09-08,2024-09-08,2023-12-31
029d0f927e9457f4868169d48f246a2e674cc4a11e459c632dfea47dd35bbf22,household,fixed,fi,90000.0,eur,11.096,2023-04-05,2024-04-05,2023-12-31
02a23102de3dda152803b73f17fdb7f49aa6a9d7be41875be6a63d8b172df5d5,household,fixed,fi,10000.0,eur,11.096,2023-12-20,2024-12-20,2023-12-31
02b2d048936ba8d68fd20c011f32c818e632bf990cc1018502f2c7555316128d,household,floating,fi,5942.38,eur,11.096,2022-11-24,,2023-12-31
02b83f20200d80a842d53ab255333ac70afc7b67c3876189fefe1ec9e3e0dac0,household,fixed,fi,80000.0,eur,11.096,2023-02-13,2024-02-13,2023-12-31
02dfd64bf255af0df2b0bc0403e5241612bf5ae5887c1deb09594cefcd3596d7,household,floating,fi,10033.21,eur,11.096,2023-11-23,,2023-12-31
02f125a95571482c00f0d346b563dd667f2ada18b7f3bc21b6aa6870931e638e,household,floating,fi,43578.15,eur,11.096,2022-03-23,,2023-12-31
02f6e1cb6ca611d0b9de734a983a870817d1a1657e0f444113ecaf436660df85,household,fixed,fi,25000.0,eur,11.096,2023-06-15,2024-06-15,2023-12-31
02fce9ab7c35628242dda74a843eae0c349dabfcb55d2d5cd708ee7096c9cc77,household,floating,fi,10258.73,eur,11.096,2021-11-25,,2023-12-31
02fd2d37558c6a305bf61fe163f28afed078adb92966b96a12e6c597aa86ad24,household,floating,fi,1030.31,eur,11.096,2021-11-26,,2023-12-31
031e45f2855c33edc82947ad9b38d813384ebdd0e42ee7d12ad42acf0ed37649,household,fixed,fi,2500.0,eur,11.096,2023-11-02,2024-11-02,2023-12-31
032b7a655b7b316a6dabe5a735a2b26c3f8889acf615946be5a51e04c59ef978,household,floating,fi,4103.36,eur,11.096,2021-12-02,,2023-12-31
034ee0f5f4e9dd5e3160b17871f55b394a4a9a9f507711760c8872708ebfc994,household,floating,fi,1124.54,eur,11.096,2022-11-25,,2023-12-31
0356d3d0764f36c43fbf7d7ddfd64bf9e5cc78aa7a88c6f21ad6d0a774d39ce0,household,fixed,fi,36000.0,eur,11.096,2023-12-19,2024-12-19,2023-12-31
035de9dc63c33f74999f630bd6fa1300a7783a2a39ea16c91d4db52023a20f74,household,floating,fi,20786.64,eur,11.096,2022-11-21,,2023-12-31
035f78301ce014514ce8611d791d2fa82371233221457a45322fcc5a5753cf2d,household,floating,fi,2055.79,eur,11.096,2022-11-21,,2023-12-31
037045d67d779c0ed91020e51f643fc24391a9e2e77582a4445ad299531bb659,household,fixed,fi,25612.5,eur,11.096,2023-12-02,2024-12-02,2023-12-31
0376e9369235d4d51ac9fa2123c73a8a2298bbb5b98c768716645b1ce813d486,household,fixed,fi,6900.0,eur,11.096,2023-12-21,2024-12-21,2023-12-31
037b659bda48e5dee9bdeef513296b42c5f1d229383f8cf18682bd4a08d8a74b,household,floating,fi,5493.26,eur,11.096,2021-11-18,,2023-12-31
038270cee0acacaaeaf3d1f9c31ff81ba0cb7f1132d6a0084d22e20419dc2e66,household,fixed,fi,20000.0,eur,11.096,2023-12-22,2024-12-22,2023-12-31
0386e9db394ec787d3339258c2a17e0834d65b2c3419c95d82e15c1b1c873b8c,household,fixed,fi,7200.0,eur,11.096,2023-12-28,2024-12-28,2023-12-31
039dbcbb7efe60d2a5c4716287adf8a977c4bb04c4d8cf8c8c96b2e00c343383,household,fixed,fi,11800.0,eur,11.096,2023-09-08,2024-09-08,2023-12-31
03b59952dd5bf2554445252cff5db239bbda49fb50c952b4d5a13b2bdd460443,household,fixed,fi,5207.0,eur,11.096,2023-12-27,2024-12-27,2023-12-31
03c9a4c7af20fc46ad5b918b14c6b0aedd104e41e103c3ceedfdecd7baee3a9d,household,fixed,fi,10000.0,eur,11.096,2023-12-18,2024-12-18,2023-12-31
03d85ba19e3df7a7ff16032f32684a956a77f4bb85a8cf18eae86b70fbe3801f,household,floating,fi,25426.1,eur,11.096,2023-05-25,,2023-12-31
03f4efd36382befd99725b95aeb94085603eb7d888d078d35cca81869d7b5be5,household,floating,fi,10257.77,eur,11.096,2021-12-16,,2023-12-31
03fdf8d76088d74add425f86eef77467faaad7e12b9ac72b50c5c4b6ac89169c,household,fixed,fi,20000.0,eur,11.096,2023-12-27,2024-12-27,2023-12-31
043a5f08a171e615440ac861e45d363b9e577b8fb4e939d4b29293d190b15e9e,household,fixed,fi,10000.0,eur,11.096,2023-12-19,2024-12-19,2023-12-31
045109a6d91f593c4e5fcd7b92a75b64a541504bcb9ed62870aeaf9043d5b30a,household,fixed,fi,0.0,eur,11.096,2022-12-01,2023-12-01,2023-12-31
0457fc3f823b3f66153552c1239ab5d782e9d78c1b82e0c4a13f63b779f27b1e,household,fixed,fi,66303.89,eur,11.096,2023-12-19,2024-12-19,2023-12-31
0471e97f9a487dc2d498362fbb0124edfd815c6aa21a5faac912162bf70dc62f,household,fixed,fi,50000.0,eur,11.096,2023-12-21,2024-12-21,2023-12-31
0473ad4afa83ffcb80b516f5715ad5f631f4f1289035d48c0333a7e6bc641604,household,fixed,fi,50000.0,eur,11.096,2023-09-20,2024-09-20,2023-12-31
0477c10ce5a343c13b6b3e9c549b6c2125246106328841d4516a9175614cceb1,household,fixed,fi,1500.0,eur,11.096,2023-12-20,2024-12-20,2023-12-31
047ac9fedb0dbba47b1bce9e77ba6a649a8776a587126a3234a8cf810fb943e0,household,floating,fi,84285.29,eur,11.096,2022-03-21,,2023-12-31
047c746cf9dbb7d566ef89c6655ab5964b03224b3607431dbd454aac2c402e4b,household,floating,fi,10259.44,eur,11.096,2021-11-12,,2023-12-31
04bea3944948585ce5b626ca95218cc71ca7dfd5aec070f8e4c6492a153cb81e,household,floating,fi,31039.92,eur,11.096,2021-11-12,,2023-12-31
04d03a74f92837f0a97ee515b47361284e7a5ba56e8950cd34c4232c4d5faf74,household,floating,fi,85920.86,eur,11.096,2023-08-23,,2023-12-31
04d2d846b0dbb82786ab2c364d27ce5bec92dd11edf13272f27240b2265ae3e6,household,floating,fi,85920.86,eur,11.096,2023-08-23,,2023-12-31
000b507ed1414d43d3128a73a2aae676d62670b4898a71f254bf2b0eb59ec323,household,floating,se,293876.36,sek,1.0,2020-10-03,,2023-12-31
000ba41d35ab8ded4161e82cc04f781d4ad83d75a45c9ed1ae2739f39bb7881a,household,floating,se,789562.5,sek,1.0,2021-08-03,,2023-12-31
002019b5491782aeaa150d728fbff288e31e1262f431b5a71d9cd61f2f3e93b3,household,floating,se,647963.02,sek,1.0,2020-10-03,,2023-12-31
002303f5b5e48ddab7579793c42db40629749412f78a4c95eb32292b05fa5b9b,household,floating,se,981896.9,sek,1.0,2021-12-21,,2023-12-31
002a56219e3513e8d38f424a2f55542afa402239729ce4f426d443a38e096817,household,floating,se,243431.92,sek,1.0,2021-11-26,,2023-12-31
00380a584af19040198191b957b7541f84fe59bd00932e1dba95bf60f5f07a25,household,fixed,se,15000.0,sek,1.0,2022-07-14,2024-07-14,2023-12-31
003d1afaf0c3916f40434d49bd1f595e3baf60f814acc440624d94d298a73695,household,fixed,se,0.0,sek,1.0,2023-09-12,2023-12-11,2023-12-31
003d732f34775c4dce3fb90f4050b7566f826353db3bd1f60b171aa39bcad4b9,household,floating,se,866148.16,sek,1.0,2021-07-06,,2023-12-31
0042155179cb3c47f0c4258097d3b58b46536fa8e92dfb849439e1bd8fa018f5,household,floating,se,237.65,sek,1.0,2020-04-24,,2023-12-31
0046c1b1cd4e9ad7352bf7d2c789d5039838a2022cda78ba8d92a898837ba204,household,fixed,se,12510.0,sek,1.0,2020-09-21,2025-09-21,2023-12-31
004ba360ef94647028204be9ad2ff3becef3d9859cc1a7900e6cb7037e3d1c60,household,floating,se,17127.39,sek,1.0,2021-05-14,,2023-12-31
004fde754eace554998e3b01dc88920ff50e99842368a20d4f41bef8afbdaf28,household,fixed,se,1000000.0,sek,1.0,2023-11-12,2024-11-12,2023-12-31
0053ff1795f05c51de9c1a6a0d82b14924199d6dde138ec3583634a18b8fa8d7,household,floating,se,102257.16,sek,1.0,2023-09-23,,2023-12-31
006128f57a63b717566b2569c9b6f9375512ac2d9d4d8abeaa15730c4b254d08,household,fixed,se,200000.0,sek,1.0,2023-09-08,2024-09-08,2023-12-31
006d1d692577cc3102e6b877eaaf9e7d3995ec337c60b5088b1bd7d4d0984755,household,floating,se,0.01,sek,1.0,2020-01-01,,2023-12-31
007000c4d292eb9cd93320a2bf02a79eb31c69886f26eba8240acbb91143b854,household,floating,se,10352.86,sek,1.0,2021-07-02,,2023-12-31
0072706682015e2bb4890f5cdbeb4aae49f240de2950c3778fe910098fcd3f02,household,floating,se,153153.71,sek,1.0,2023-01-18,,2023-12-31
0076c3621f2aba6a4b05346aeb57e81f10d4de61905200759c4465ddaab786fb,household,floating,se,7.47,sek,1.0,2020-01-01,,2023-12-31
0081475c05590bd52e79090e0a367c850c8cf7e355fd222abed1e3c1ce24b557,household,floating,se,450703.96,sek,1.0,2021-09-22,,2023-12-31
008215a73db6ec47edc8ad6c2d620f5c1ab2f8adbe1dbeba2366bdb832da2af2,household,fixed,se,600000.0,sek,1.0,2023-12-27,2024-03-26,2023-12-31
0089538b7c3cf03dd789ac04cb4a25252af3cd36c4e7737b0ae77b53aab3cedf,household,fixed,se,300000.0,sek,1.0,2023-02-08,2024-02-08,2023-12-31
00938e1f9fa5ecb483d0c4b89816485ee2a987b3343aae5e3840b6c7eda58e5c,household,floating,se,2158.75,sek,1.0,2023-08-22,,2023-12-31
00939399564bfc8f1c74049ea1b4c9c70e468c3c847be14c31675549f3e8e583,household,floating,se,603.8,sek,1.0,2020-10-03,,2023-12-31
0095bbab36713b62d04b8890db52328aa1a49b92afbed8cf37d7734848791074,household,floating,se,33233.04,sek,1.0,2021-08-31,,2023-12-31
00a35e228149241c2df93807dd68ef1a1a02082b8aa7dc18ec80ea1eab0de496,household,floating,se,2203.6,sek,1.0,2020-10-03,,2023-12-31
00a3c5e47c8ccca35e40f4d9523ff8666a05b082d2544e148ac979f784247887,household,floating,se,687674.28,sek,1.0,2022-01-07,,2023-12-31
00b60309caa7b457de10ef1a10247889c409d35fe278fdbb6557ca3498ca6fb3,household,fixed,se,200000.0,sek,1.0,2023-12-08,2024-12-08,2023-12-31
00b98fe76e455465339d293bb018229f0930afc88b457452715d426484b06b8c,household,floating,se,36.71,sek,1.0,2023-01-11,,2023-12-31
00c283d0746cf4befff6f17603bf00f1217b1f6269fe05c0ae37beda8e53f100,household,floating,se,173.5,sek,1.0,2020-10-03,,2023-12-31
00ca5b64627f0aea8dba9acb43207940a8a9356f180b39cd12670b0ae12ac50c,household,floating,se,0.05,sek,1.0,2020-10-05,,2023-12-31
00ce124c0b54400a888ddf01c38a699ff7ffce850fe5efa1f9c431d315714e24,household,floating,se,31137.72,sek,1.0,2021-02-01,,2023-12-31
00ce4f033a9e22a13733221983d320caa4c25c0f2ad4fd1d274d49947b8a251b,household,floating,se,978007.88,sek,1.0,2021-07-21,,2023-12-31
00ceb960d6e6eb7147cab2554b433a1aaaaf91f0c5bf2da4b6b91a0a09ee91ab,household,floating,se,726441.31,sek,1.0,2020-10-03,,2023-12-31
00d63c29b140a9a40775bb588c50681f7a9fe0fdee72e09ace90b9d9cc244afe,household,floating,se,419802.41,sek,1.0,2020-10-03,,2023-12-31
00d679352f80968ec710935b8a54e9916733c375f898971dbaade4abdb7080a1,household,fixed,se,0.0,sek,1.0,2023-09-24,2023-12-23,2023-12-31
00d6a2f83314bc34f16dda427f2bd202d5b83ebe4747c357fd2dfc2749837f9a,household,floating,se,99.41,sek,1.0,2020-05-07,,2023-12-31
00dc035fe817374d874e3d50f94bb239c088c8fa002e5fd379f7cfa4f81a71c5,household,floating,se,76363.86,sek,1.0,2023-05-02,,2023-12-31
00dd93d383b295611016ffaa57f1f8fd90fb1316bcfecabdbdb5fecc6730c6eb,household,floating,se,15.79,sek,1.0,2021-10-26,,2023-12-31
00dda828bcb1417b9c4fa92d7ae004e84ecb68818eae549a9e136d944874dc0b,household,floating,se,620889.71,sek,1.0,2021-07-26,,2023-12-31
00e20e1ad07b384fbe4bab0ca7676ad350e4ea2615393efcee8d0e7276fc2946,household,floating,se,1045234.33,sek,1.0,2020-10-27,,2023-12-31
00e5381ac22dc499a8aafa1d573c6b3fd74d342639bc0946e3a2e5c73f7cc642,household,floating,se,871287.08,sek,1.0,2021-03-08,,2023-12-31
00e98cb61dc55a8b4ef519b03520e8ac054b80ecffe9886f3c493eff4b5e77b2,household,fixed,se,1050000.0,sek,1.0,2023-12-31,2024-03-30,2023-12-31
00eb477c5e9055970543cd99aaf09388ecd9c06bc214b6757c39237e203de87a,household,floating,se,1033199.41,sek,1.0,2021-10-21,,2023-12-31
00ef034f5fe9888f96a35e74d573908c8a3d747ba9b9e9394110c42e55103548,household,fixed,se,0.0,sek,1.0,2022-12-16,2023-12-16,2023-12-31
00f312a6c6b3860928d542aa257bcabb7579aa15839c188365a5f4b50eaca634,household,floating,se,115119.39,sek,1.0,2021-03-16,,2023-12-31
01017fafbe8b82ae7eff152d98d5b828fae20491bba839e94772236b85a967b0,household,floating,se,37941.27,sek,1.0,2022-11-01,,2023-12-31
0106c8bd969d8b3004f2cf7ef431dd8335e5281c573152094507310261803668,household,floating,se,4481.97,sek,1.0,2021-07-07,,2023-12-31
011452992758e54f4913db4638aa4b42dd247822f6d2af5a3171240ba5519e35,household,floating,se,104342.15,sek,1.0,2020-10-03,,2023-12-31
011f69cf0d5f457ee52c0f051fee3ce6992739056a15b451f0ac32452816c2fe,household,floating,se,4.2,sek,1.0,2020-01-01,,2023-12-31
01328316259ab590e4effa25b720969216a4fb589174547c1005714e55f4a94f,household,floating,se,404401.21,sek,1.0,2023-06-27,,2023-12-31
01411063fc48db0791de6fcfc457f5c70c384ca46f20729247721a6d89ed5007,household,floating,se,0.33,sek,1.0,2020-01-01,,2023-12-31
0144fa6105e4810d2d65ba416c1dcf634fb05699ceee35e8cce446495f8ec368,household,fixed,se,400000.0,sek,1.0,2023-09-27,2024-09-27,2023-12-31
014f110e5dede5c215cb924ec4d4ac64ef1e10eb7a4f640fc0ab5e0aacd3a5c5,household,floating,se,345225.32,sek,1.0,2021-03-15,,2023-12-31
01541588f8d272a30132c3f62924376ccd9378ccd8ad4fc3a2b97e5e0d20f3e8,household,floating,se,0.0,sek,1.0,2020-10-03,,2023-12-31
015566d5edad3e0be00c9340ebfb9f4a066607b0f47b2f8f566fa45b73f2241b,household,floating,se,13.91,sek,1.0,2021-08-20,,2023-12-31
015f24e76ce3a2eedea890ddb9399effdb8a5de60f88867cde74c64bea7f6036,household,fixed,se,1047000.0,sek,1.0,2023-10-16,2024-10-16,2023-12-31
0162fb028c9fc363f03968c2f79cd2cac74a3bc0594a3c4a6aea3d3d5bdf772a,household,floating,se,43405.57,sek,1.0,2021-11-23,,2023-12-31
0164701c2b3eb24a145ba0f163d8358b411056f0887e1918116987990cbd2731,household,floating,se,1074113.49,sek,1.0,2021-12-06,,2023-12-31
016fc911d4546d74b66029bb451b7863ce6a0e0b4654cb3bf9f9301122571ca7,household,floating,se,7.32,sek,1.0,2020-10-05,,2023-12-31
017402cd56fdbb74685a00424f51af7ac82155201fddbd14d35412b4b847853f,household,floating,se,311398.76,sek,1.0,2021-01-28,,2023-12-31
0176341b25127511fb35c83b59721f5405705cbf4f529c9f294255daf72fd9e0,household,floating,se,3240.22,sek,1.0,2023-01-05,,2023-12-31
01771bd98a03c8ca89e8121af30cb5c560df555a6050d506b6c6d5798e5ea002,household,floating,se,0.01,sek,1.0,2021-02-21,,2023-12-31
0181d96860a47cce317220eceff1853ff7b0b625a9a2b1fcf87a730f38b25780,household,fixed,se,993000.0,sek,1.0,2023-12-14,2024-03-13,2023-12-31
0187950b3204655cc604f033ec1a8fab15910e4831893c9bdf3a68484ae4f869,household,fixed,se,0.0,sek,1.0,2023-09-29,2023-12-28,2023-12-31
0189cabca501f23c8b25eef53e47238aea4222888877ae5002b942072a37fa51,household,floating,se,400.0,sek,1.0,2022-12-20,,2023-12-31
018a1eb0b9d3ff1fc3ceb95e26f002efe6d7fa6d1d577e6c9e77134d94bc1c71,household,floating,se,289185.65,sek,1.0,2022-07-18,,2023-12-31
019685ce607d7b2efa2401b6903a4f5f8f6694e4649c40a0b6a7474c47905596,household,floating,se,129155.89,sek,1.0,2021-10-15,,2023-12-31
019a8f3df40cef814c72f669b3968a879060c8535231950e50f54d31c70247b5,household,floating,se,50611.0,sek,1.0,2023-07-17,,2023-12-31
019ad3c9fde696ddba3d2313f621693ec111fc41164151a59cf463165a2aa1de,household,floating,se,401201.92,sek,1.0,2021-09-10,,2023-12-31
019d5b46994f95666135fb0556bba9a36432d5f11697cc86b785f592862b0415,household,floating,se,1048334.62,sek,1.0,2023-04-12,,2023-12-31
01a09ddc5e1db76b4028cc0737d3127a101659a44a3006a48b0eab5d2147a760,household,floating,se,551691.48,sek,1.0,2021-07-12,,2023-12-31
01a20177d4d5715f3a74286d59c79cb56571a7efa05ba9e121ee5ddd1789df09,household,floating,se,278603.62,sek,1.0,2021-09-24,,2023-12-31
01a9e61e12bc9de64d8b55aef969900f94851f2c94caa043ba966242e36f538c,household,fixed,se,125000.0,sek,1.0,2023-12-11,2024-12-11,2023-12-31
01b39313c6f954a62221a4c1f25246fbbc6b3b9b8d95cee0e9c727f3f873f567,household,floating,se,1091.56,sek,1.0,2021-03-04,,2023-12-31
01b3d9b4b7fbffb95074af616641430b05c256a9f92ada07fdea3e1b32692eb9,household,floating,se,1074963.71,sek,1.0,2020-10-03,,2023-12-31
01b45c987d203c7510100dcc59972087db0d7d64ed4f988ecf99eff1dcd2ace2,household,floating,se,200951.29,sek,1.0,2022-08-31,,2023-12-31
01c41efeae3d70a1d05f80fa4cea5612bda579a532cc11c995c2ea8e36d3553b,household,floating,se,550418.97,sek,1.0,2022-12-08,,2023-12-31
01c55358d2a7a2fcaece25ba1a85cc0e49e99001b58ee91779333714b708753c,household,floating,se,1079080.66,sek,1.0,2020-10-09,,2023-12-31
01d59769d9e7c160a5ec5820d64c6c857f1c378dc8010f8d98d893300094be87,household,fixed,se,1000000.0,sek,1.0,2023-05-28,2024-05-28,2023-12-31
01dfd9df72119cd7e24bfb1191f8a89a2df724958ab64952cb4dde78c885b379,household,floating,se,41650.59,sek,1.0,2023-10-02,,2023-12-31
01e53a08c582e34fb204f06a619bdf9ce863c47f2c19e69e2a63f1c947e96b7c,household,floating,se,3505.34,sek,1.0,2020-02-12,,2023-12-31
01e753c21b3b3583d51e3c1cdc04af1da4f5971d7df8d6eacb014e867e314b23,household,fixed,se,1052348.97,sek,1.0,2023-10-24,2024-10-24,2023-12-31
01f3350559d87f303f9be61571678264c6d2df050101fc33a680d988a4545056,household,floating,se,2209.18,sek,1.0,2021-08-06,,2023-12-31
01f961ce0380368d3fb369263b34d64f004a763b2d91330aeb1afac832be3ad0,household,floating,se,50.31,sek,1.0,2023-10-11,,2023-12-31
01faa568c988e0e12598cd12b3b7537cbb8f3d4fecb5a758def328a4dbce20bb,household,floating,se,83023.91,sek,1.0,2021-02-08,,2023-12-31
020755142007a2041b1415788efeb7e14ca7bb9d7b38bb222ece97afc838e0ef,household,floating,se,5.0,sek,1.0,2020-01-20,,2023-12-31
020fcd49c7accec46b2942e621158702c1fbf90fa0dcee67f996be33a7f23109,household,floating,se,616850.94,sek,1.0,2020-10-03,,2023-12-31
02117e7cce8e667b02be007ffbb86bb6e3c6d3a2434d4787ad92dacb53d7ac46,household,fixed,se,201416.0,sek,1.0,2023-12-29,2024-03-28,2023-12-31
0217a143a2362253821a6a1b3143dc06671628c0e2b780a9b91b7c15f8dd3b88,household,floating,se,64804.67,sek,1.0,2023-05-15,,2023-12-31
021989232ba31034e3ca2b46cf7198754ed6d6fbff0849f91aa1c8b1b5860196,household,floating,se,7688.69,sek,1.0,2021-08-06,,2023-12-31
02200b5fedd04955ff2e5c1f9ddc877d653b7f7068a8c8d25c1015f456ad9977,household,floating,se,0.37,sek,1.0,2020-01-04,,2023-12-31
023857466b6f7f074089eaf2a265066fabc272f34b085d83d01281d5aacdd8ac,household,fixed,se,120000.0,sek,1.0,2023-11-06,2024-02-04,2023-12-31
0238b35dfa072b532a2e0724b45b7fe0272815ce01ac9a2cebcd2c889cfa0264,household,floating,se,184575.9,sek,1.0,2020-10-03,,2023-12-31
023998948d4312c94040d5de49177d056c83c53a76d6b5cadc4ea23ffb06d67d,household,floating,se,1004486.52,sek,1.0,2023-11-02,,2023-12-31
024ef305c4b10a1084adf6f7ceed3f4cc005b79ffd90f5b4106936f130933e76,household,floating,se,201729.06,sek,1.0,2023-09-06,,2023-12-31
02585e376e70c177a6a2053ff5c1f3bc2e9a89df1686f6ac2086b8b8e4bc5c1d,household,floating,se,11320.87,sek,1.0,2022-05-27,,2023-12-31
025a13c69c1ae3f6bdee9b1fd45e16207a311e14dbd582d99737dcc5e4e92a72,household,floating,se,1022958.47,sek,1.0,2020-10-03,,2023-12-31
025db427d4f781c960776376ac2c8276cdfafa37627724a7e5d18bb4e910716e,household,floating,se,833033.63,sek,1.0,2021-02-16,,2023-12-31
0263c888d18081617f5205f6404457d0e45ecae22be452a95aaede9ee0d707c6,household,floating,se,200185.03,sek,1.0,2023-12-19,,2023-12-31
026cbf6e30d33d09624b0117b22d6ccbbb852e2bd6bf468b6e4518b19b08bb0b,household,floating,se,114119.46,sek,1.0,2023-03-27,,2023-12-31
026ef4d0712842e0a3ed3461c7a7f2f8a4824733b9ef180a4c11a494a835c814,household,floating,se,258714.98,sek,1.0,2021-08-10,,2023-12-31
0276f45bd02f7210fb830f01c7a61fc671c79c4ad5f9fb10bda1085c3fce1fef,household,floating,se,904.22,sek,1.0,2022-05-30,,2023-12-31
0283a9f519a63af96767bb5acfd7c712fd57e75c001181031065af40140b1eb7,household,floating,se,73302.41,sek,1.0,2022-05-12,,2023-12-31
0285f34f2505a68c52b36e32a0aab8a0e1fbbd697d5015921ab26bcecb11be40,household,floating,se,55.62,sek,1.0,2023-12-26,,2023-12-31
028c72abd9b778449bfd1417c61a190d08e4f157ed03b6342c80ed6aba22f150,household,floating,se,309290.36,sek,1.0,2020-10-03,,2023-12-31
028cac432cd17ce8b3fa157d0a0bc1348523e4f897b858f9f59c1b3b1bbcaccb,household,fixed,se,102205.0,sek,1.0,2023-12-11,2024-03-10,2023-12-31
02c51b149ee09241e719f13f86e47b781c2dd0880a17c4271926f15b0015f78f,household,floating,se,102247.47,sek,1.0,2020-09-09,,2023-12-31
02c6968f5f572115a4ce7daf0b7f2f74e5e176d855f9eb739209ba3e4b4c9914,household,floating,se,125088.7,sek,1.0,2020-11-11,,2023-12-31
02ccf6a9e3872f429cbdeac1705724bc2115ffbecc2070227dd9d503a5238525,household,floating,se,81.65,sek,1.0,2020-01-01,,2023-12-31
02cd89873790915f175e6857d892740e9ebb3b4c946de4881125e63721e2df39,household,floating,se,629469.98,sek,1.0,2021-08-28,,2023-12-31
02d0f3f8056308bef8d64d6bb731323a6542086f71d2cae074c27fd34e62500c,household,fixed,se,386249.89,sek,1.0,2023-12-28,2024-03-27,2023-12-31
02d6c259f877f43b54cef4e5fb9f2a981659f58365018da322cbb1e32d76217c,household,floating,se,157018.32,sek,1.0,2021-12-14,,2023-12-31
02d6cf4d66b809832fe6c9673c4f3ea31be294a157004ea1ff78e8f0c7978bf4,household,floating,se,769252.75,sek,1.0,2022-01-12,,2023-12-31
0303d957c3ae16670dbfc77870a70397355742652ec7b7cbc4bf44e4e4732ca5,household,floating,se,15.17,sek,1.0,2020-01-01,,2023-12-31
03057435217c501bb1a9a7380d8b472ed4ba8af4ecc0a81cc1d8670d05a8df4d,household,floating,se,53.74,sek,1.0,2020-05-11,,2023-12-31
03223ac97f42ac47a906681e5758f445115a640915ed43416e8e2432f1c2afee,household,floating,se,248958.58,sek,1.0,2020-11-02,,2023-12-31
03270377e126cf630533911a1903c7095314fb51d0b944c0457e8c08aa36baf3,household,floating,se,1023416.91,sek,1.0,2021-10-21,,2023-12-31
0328477b11e5f6d59f5ad612d6c1f9b92f13190f338b6594975fd5bd5ef71a0a,household,floating,se,321403.53,sek,1.0,2023-04-02,,2023-12-31
03385dcee7dc03d9e55cac771633f5d51fec21002a22fb0d1983ae6ab2b5c716,household,floating,se,648134.32,sek,1.0,2021-01-07,,2023-12-31
033d968261696177b6650eec6d3d7292cb221569ea05c04e6623307a729722a1,household,floating,se,1009567.75,sek,1.0,2024-04-11,,2023-12-31
033e1c42ea97f65d6fd317f9bcbb1d46de5be8875f4b0364e7dfc9655b367887,household,floating,se,369604.54,sek,1.0,2022-01-24,,2023-12-31
034487cb128bfd6a4d4d5b86c67cd332d92fce1d4a75c0a62721a07efc6aee8c,household,floating,se,306557.29,sek,1.0,2021-03-17,,2023-12-31
0348c7630101b9c9bae916694646cad0149b67f4c44465c2219984c25047d54d,household,fixed,se,875215.0,sek,1.0,2023-10-04,2024-01-02,2023-12-31
034951c653e6a8cc968103633fb75e1edeb1a02bd01bbdec59b9964321bfa463,household,floating,se,1032448.16,sek,1.0,2021-11-26,,2023-12-31
034d335b126bed887a0376a42e1ba70df115a0d83e418b7e9ec34543cf21c890,household,floating,se,10047.11,sek,1.0,2023-10-30,,2023-12-31
0355d29e9eaa394de9d83815adc42532f1a1a84acee958a94f98bde57d90f25b,household,floating,se,1361.01,sek,1.0,2023-10-06,,2023-12-31
035875bf1f343e7cafb6284e85dc749bbc136058d8b1f8fbbeea4c902387b047,household,floating,se,50193.51,sek,1.0,2023-10-31,,2023-12-31
035d230a5f6e125f87105dc9c79cfe068e9d8f84b9a822bb034c4e391e88251c,household,floating,se,206489.49,sek,1.0,2021-11-30,,2023-12-31
0365f6d808d99ca6987b14071a03e6c06de618e294f31d1cad2fce498be894fd,household,fixed,se,100000.0,sek,1.0,2023-01-03,2024-01-03,2023-12-31
03799e5f5f7244394fd79a7726431f97c60cd4481b55f6cfcfe56b8ca7092a60,household,floating,se,636254.92,sek,1.0,2021-07-13,,2023-12-31
037c332301810ec64f6e169bf5bd6e9ae34e1c9c4e534af4e69bcf077e2b81c4,household,floating,se,546254.37,sek,1.0,2021-06-07,,2023-12-31
037e60a290e95d243519b0c4ac2b19d412200792ec580caf173772e3faa6bbc9,household,fixed,se,200000.0,sek,1.0,2023-02-08,2024-02-08,2023-12-31
0386e953f4ec2d25211681444c682e2e4db8b2077ea6c28c2b1ceb0f4f34caeb,household,floating,se,0.01,sek,1.0,2020-01-01,,2023-12-31
0388d45e0113eb1ebe4ab7b6fb2e7e5b638d555f88463d4c41f2f4690bc1c869,household,floating,se,65641.77,sek,1.0,2023-08-16,,2023-12-31
0388dfac557e649f3244b0211eb33c54bac59f34a11c0340ab365410963a89bb,household,floating,se,122674.41,sek,1.0,2022-11-03,,2023-12-31
038da4753a6fd7547ad43ee0f1e269294965af85f462ccc8d0b60d31f7a16539,household,floating,se,936785.64,sek,1.0,2022-03-27,,2023-12-31
038dfc737cde0e5f4ee4bc179cd25e5fec2dc012b185d7733b06a2098a8eb8c7,household,floating,se,2.13,sek,1.0,2022-02-28,,2023-12-31
03948560a29e8610a8e5d9c5a5e43ad1cff65a6f8073c1af626b81bdd54d2a00,household,fixed,se,1000000.0,sek,1.0,2023-05-28,2024-05-28,2023-12-31
039d2929d0d61d9931cacc9d3f47c171b46dcb15e640a2142406cb6b8c81c579,household,fixed,se,300000.0,sek,1.0,2023-11-19,2024-11-19,2023-12-31
03ab00e2dee0183f06d7b9cfeb7b8bd0a7d3521c1db8a9889bdd4484083d0a8d,household,floating,se,62297.23,sek,1.0,2020-12-15,,2023-12-31
03af5060879410d0c09ab306b87e54df593acdcb50c2decad3a1ecf7ae74195e,household,floating,se,56519.35,sek,1.0,2020-10-03,,2023-12-31
03c8f5fe9e96637811fcde10b8508d8aad4a5cbf701b4712f5db137568978dc3,household,floating,se,556923.53,sek,1.0,2020-11-02,,2023-12-31
03cce8132eb43accc85152d97700c4b9796ed97be2afeb090d6747462070b3b3,household,floating,se,668712.6,sek,1.0,2022-04-20,,2023-12-31
03cd0f85bc76c9f1843dac6668b08cdcb879ce49cd5a3f2245f4e1110ca7896f,household,floating,se,150046.26,sek,1.0,2023-12-27,,2023-12-31
03d3b99951c643a2bea822c4b2caeccb434ebdae39c675f09dbe8a95480e6f29,household,floating,se,146132.91,sek,1.0,2022-02-15,,2023-12-31
03d6b7135589616ac70aea0a62a2171df3f42d3161d80b33f10ba231e8010790,household,floating,se,933864.61,sek,1.0,2020-10-03,,2023-12-31
03d9d334d5a3351ba49cefdc418880b93d86b5fb0be0d57cbf4e838089a8dfba,household,floating,se,594502.29,sek,1.0,2022-04-14,,2023-12-31
03dbb2013d1e8885c2a1987359852863fb8d24c2820769bc4c0d48478cd4e1cc,household,floating,se,130530.35,sek,1.0,2023-10-02,,2023-12-31
03de3170d07ac5d94b3859b172bc19456b4a75713af19e01c5ea3b039e8b5847,household,floating,se,300231.73,sek,1.0,2022-10-31,,2023-12-31
03f796313b9969dca9a0732f0c045b38ef9208bdd8c485e588da4248301ba3db,household,floating,se,1322.05,sek,1.0,2022-01-31,,2023-12-31
040b593c0034dfaba02743f575d2bf75f27b585da8d72e5e7d52d954d17cb80f,household,fixed,se,0.0,sek,1.0,2022-12-02,2023-12-02,2023-12-31
041003bbe9f6b41b34c72c568469dbddb123f1ee53de62ef69b1dac27bfd4005,household,floating,se,302038.08,sek,1.0,2021-07-08,,2023-12-31
0415ed124db4ecd9eb018b1cc28011382e782e2836e2fad6118d7dccd328c773,household,floating,se,727015.05,sek,1.0,2020-10-03,,2023-12-31
0417f94c187fc7dda765aff23feb278fefb6b437929424f50b6e3b38cbd89ef6,household,floating,se,0.88,sek,1.0,2022-03-16,,2023-12-31
0419ab5a9d43358ff4b7e978bde35386f16648b9caee83549c6aefaa1fa93089,household,fixed,se,10000.0,sek,1.0,2023-12-13,2024-03-12,2023-12-31
041a066a304d59e555af51369facfdf2ae465ba146a8cb2258b347da0400e004,household,floating,se,6985.52,sek,1.0,2021-08-31,,2023-12-31
041b4d4089e13aee9dd1dcae586095363133aaf628eedc8feefbf91e4b9aedb3,household,floating,se,956367.18,sek,1.0,2022-06-22,,2023-12-31
041df019e22718b9801a4090981808b5a7d841c940d15e7f08780484e9f83d50,household,floating,se,684.45,sek,1.0,2023-08-18,,2023-12-31
0422041328c2b8f6eaf360bf72bf336258382f533c6e2b0ee40be4e3c21986d9,household,floating,se,827203.41,sek,1.0,2021-08-25,,2023-12-31
042b68adfc840919358456ad46ee3615c6a6bc1b9a72cf5a0cd3c299f0bda32c,household,floating,se,721375.63,sek,1.0,2022-08-01,,2023-12-31
04480b40c782235674a4d07630fd18adc7ecb80601c82427b1dcc02c0fcd58b2,household,floating,se,30623.32,sek,1.0,2023-02-17,,2023-12-31
0448279f27839ec9cb28e0d37bfc291ba5179c5a38703a8fc6b03a6772d0e6f3,household,floating,se,9.74,sek,1.0,2021-12-07,,2023-12-31
046374c1cdcea64b3b262c9ef8374da668c1877e6aea8e084899a0e4dbee2811,household,floating,se,26.52,sek,1.0,2021-10-24,,2023-12-31
0470078629a6ad070d679c32b228105fa3f251f6421ddbb873511dca15a91f2c,household,floating,se,938633.35,sek,1.0,2021-12-23,,2023-12-31
0485dba38eddd54a07e6c142c4f8989043643c2e49bf6de59963416653fd2079,household,floating,se,0.03,sek,1.0,2020-04-17,,2023-12-31
048c15f62c958a0ccbb7319c2b4622afdd58ea4569fb4ec1c853759acc91c1ac,household,floating,se,355.56,sek,1.0,2020-01-01,,2023-12-31
049a746b55c927f2df153cd4a0e6c5a5ff226ea0246b874a31437a8d48378a8c,household,floating,se,0.13,sek,1.0,2020-10-03,,2023-12-31
049adce5926c9f57562eb930b61319a30a3d4e8a7982e581f91528699ed3e4a2,household,floating,se,409183.77,sek,1.0,2022-01-10,,2023-12-31
049c46f831bfc3f2a4d5eb34c0bc0e860cb8dbc44c66a9089e1b54ed45360dd4,household,floating,se,101.67,sek,1.0,2020-10-03,,2023-12-31
04a3313a7d227dbccad941dcb8b609763704bb5fcab400823be10c2028a616fe,household,floating,se,343034.51,sek,1.0,2021-08-17,,2023-12-31
04a3d38efa96ab67320f055e7e5647b2776975e037a140688f90f8f2c8b3ff92,household,floating,se,108.68,sek,1.0,2022-03-15,,2023-12-31
04a98445b8f2937d2bcb3949b02fb0d82dd233e5755841cbc6e79f9023f5e14b,household,floating,se,1045712.99,sek,1.0,2023-10-26,,2023-12-31
04ab72dcf3cbb378fb94ddcc254b2dcce94996cb6ca2e348af81c53018fca80a,household,floating,se,211595.56,sek,1.0,2021-06-02,,2023-12-31
04acf8a7fff03047d199874c7e0fac1680916a0aba61fce9e19b416c16959d21,household,floating,se,10676.56,sek,1.0,2021-12-27,,2023-12-31
04b0f7575a0f349b7d4a474ddc6f41c0a041ad17d0a147d03dc3de6eeb27035e,household,floating,se,40637.94,sek,1.0,2023-02-01,,2023-12-31
04b124385fe855dd6e7667def3b672259234273e51dbdc4304285679eca073b5,household,floating,se,1072982.8,sek,1.0,2020-10-03,,2023-12-31
04be4f964f600f1048f4e29d59103190077a784842bbb80291b0b38f5e9015ea,household,floating,se,124245.45,sek,1.0,2021-06-23,,2023-12-31
002578dc06808022939ace72d6b79c539c120e35c3d4ce5d637e484edf3096f8,household,floating,fi,1010.48,eur,11.4308,2021-11-18,,2023-11-30
0028bd7d7fe7313891b523c1df439a49e7fd92ae2715b0857196816863b7ec52,household,fixed,fi,2500.0,eur,11.4308,2023-10-17,2024-10-17,2023-11-30
0043dc80887b8216d7fb5ccbb99f39b2bc871b4b185ca3eee441a278a0c190f0,household,fixed,fi,20000.0,eur,11.4308,2023-06-12,2024-06-12,2023-11-30
004a493bfb59ef021753c240d56e9f11eb863342f15c9725218266018a8e70d7,household,fixed,fi,0.0,eur,11.4308,2022-11-25,2023-11-25,2023-11-30
00891d4c9b16757c41ffa2754def0863f557d19b6add721fc14cd781cfbe4691,household,floating,fi,3828.38,eur,11.4308,2021-11-18,,2023-11-30
008aef184d0c8fe6611d7c85aa89bf5e1efce1be86f35188ec7b73a6cbdbe17f,household,floating,fi,46044.27,eur,11.4308,2022-11-21,,2023-11-30
0096cadaecacedae84b7001573da9fe6873a5280ebd90e5535ebd8fb7d07bcf3,household,fixed,fi,15000.0,eur,11.4308,2023-10-23,2024-10-23,2023-11-30
00dde31e4639ffaa85f22ccac43cd441f4f0bb4ede66cdaf01a8af895f02cf86,household,fixed,fi,5500.0,eur,11.4308,2022-12-01,2023-12-01,2023-11-30
00e2a8310f591729b34e8c015d5c493f6d8472a04c2c5255b1a93724bebb9ed8,household,fixed,fi,0.0,eur,11.4308,2022-11-16,2023-11-16,2023-11-30
00e9965b9ae11a7b4d77c506ea30ca3980899db06eaae8ec08265d206d0c545d,household,fixed,fi,25000.0,eur,11.4308,2023-10-18,2024-10-18,2023-11-30
00eec538a8814e7ad0c824945253b198c384808de6d5431d9bb46fcb1fbf5b82,household,floating,fi,94264.32,eur,11.4308,2021-12-17,,2023-11-30
010ea13e03598ccc928577b87967b7006cad02c7cfb8d8a00cd66219a3a644ca,household,floating,fi,1015.94,eur,11.4308,2022-11-21,,2023-11-30
018617d4ea3b83df6a295e563bc798e9918f5eab0a8a445ced72acab788f56fe,household,fixed,fi,0.0,eur,11.4308,2022-11-11,2023-11-11,2023-11-30
01909f9281cb0d754ef92f8bbda29c6a1355287791a8b231d98a189cfee8a58e,household,fixed,fi,55329.92,eur,11.4308,2023-06-14,2024-06-14,2023-11-30
01b5e12cd9198c853dd9c6bcb9417db78ea216fcd41ef6844baac6ead9ca4ee1,household,fixed,fi,10000.0,eur,11.4308,2023-11-06,2024-11-06,2023-11-30
01e8c49a86ca3fa899f429134482a68c64d2257d97a16823d5307b97768e1103,household,fixed,fi,15000.0,eur,11.4308,2023-10-31,2024-10-31,2023-11-30
01f62d79fab42080daac4c047fdd56814bce3de4a88823284eec2f202d24e882,household,floating,fi,10024.76,eur,11.4308,2022-04-22,,2023-11-30
0206fd596a751c243a6fdeef7200e90e3d5dd06342e4ba925beb05f79bc95e98,household,floating,fi,1000.0,eur,11.4308,2022-11-08,,2023-11-30
0211f325f7208ddd7cd63b64c4f6141db40287b18084d771fb1a9de168f28e72,household,fixed,fi,6000.0,eur,11.4308,2023-11-02,2024-11-02,2023-11-30
02171f4b27a6e0a2776680511fa31aee5adb6ebcf2df67312deb19ad9afb2502,household,fixed,fi,36882.0,eur,11.4308,2023-11-30,2024-11-30,2023-11-30
0219bf6344dc9d71cf9960fa95172ab0fb2ccb83bb884c7697304d570baba7c6,household,floating,fi,1000.0,eur,11.4308,2023-04-17,,2023-11-30
02310549381864a2304754b064c6c3f89a125d45279bb29b995df5fa39ae5e92,household,floating,fi,2242.7,eur,11.4308,2021-11-18,,2023-11-30
023fa5ec31fde9093b2a19ba7162cab24092666e552c5d2e8970b1bbc682b5ba,household,floating,fi,1011.46,eur,11.4308,2021-11-16,,2023-11-30
023fc7f2e3bbf4b5ebd8fa13f5da611c12b3883aa9381121ee0ea91b95ad982b,household,floating,fi,11231.44,eur,11.4308,2021-11-23,,2023-11-30
0271e5bbc018bd576fa0e2b1d1e96223c8351e103a1c007cded4f031b4879373,household,floating,fi,20061.01,eur,11.4308,2021-11-15,,2023-11-30
02a05dfbc19e08e3bf89a2228433492e51beb7f97188478f399e5afa73bc4b44,household,floating,fi,1027.09,eur,11.4308,2021-11-11,,2023-11-30
02a7f07416aa1158ef26a88c1ad6c478753b7abfb9953b4a627e1158b1aaf094,household,floating,fi,1054.23,eur,11.4308,2022-11-22,,2023-11-30
02ceeb792bde71eb254ca1c42cfc3d71b3381d5461399807ec4284f45009f5d2,household,fixed,fi,17753.61,eur,11.4308,2023-10-09,2024-10-09,2023-11-30
02cfc3f7171ad50615fe34d9c8bf6906d250a37bbce3c1603ddbde3d8591915b,household,fixed,fi,2000.0,eur,11.4308,2023-06-22,2024-06-22,2023-11-30
03085af84b00b8013e5152348e41cf96ca7a3b0d973984b5a348d538549d9088,household,floating,fi,1010.21,eur,11.4308,2022-11-24,,2023-11-30
031037850fedad27cbd8f7f42ecc3ece5da784a0cd10adb0c9a77dfdbe99ad5c,household,floating,fi,1006.39,eur,11.4308,2022-11-22,,2023-11-30
0319c28f4f4fa1b99fe3c7214fe2974878c345391db3d2a385c912a7abf72d60,household,fixed,fi,25000.0,eur,11.4308,2023-11-20,2024-11-20,2023-11-30
03247887e7fe75852ec9a3bca277b1208aebb61918c2b9a1709899d91568ea0d,household,floating,fi,95253.17,eur,11.4308,2022-02-14,,2023-11-30
03286fbfdbad1604d130405f013a84b06062b7406da29a869e1038e537a9eac2,household,floating,fi,1099.62,eur,11.4308,2022-11-21,,2023-11-30
032d8185a3294a665089ed43b3bb925e9375a03afc29a2c005a382c11a4d4bcb,household,floating,fi,20021.56,eur,11.4308,2022-11-22,,2023-11-30
033d95a518eaacd27b339db6176fefa9f6f95c5b16ce76f1941d468773589154,household,fixed,fi,5000.0,eur,11.4308,2023-11-01,2024-11-01,2023-11-30
0342c7e0d790a3f18fd22808e01d15ebf5d3ebee1624b11d9164d1e503a32f79,household,floating,fi,10030.28,eur,11.4308,2021-11-19,,2023-11-30
03552a4797cf5ded8d7bdc1ac7bd15018f34d400560f67b36fb26b65aa1ca2bf,household,floating,fi,66378.35,eur,11.4308,2022-06-30,,2023-11-30
036370693bf4ab4174ece3555c9591549fb91c1e147b6036b525f1112773969a,household,fixed,fi,30000.0,eur,11.4308,2023-05-16,2024-05-16,2023-11-30
036bccbcb2c5a42b9248cd47772da8fa2ac39f581f4b6689bc9aa4fcbe29a21e,household,floating,fi,35037.73,eur,11.4308,2022-11-22,,2023-11-30
036cbbc6f16c30b53ad6e179be98cb66aacd6c4deedbedb5fedf3e91954ea135,household,fixed,fi,0.0,eur,11.4308,2022-11-10,2023-11-10,2023-11-30
038f83240da38fdd388f769642e266934079d7b8a14e8e975093cb63b72bd5e2,household,fixed,fi,30000.0,eur,11.4308,2023-08-30,2024-08-30,2023-11-30
039686b279a6300885a7ac3e3c9aad5a14c94b224e77a796c9be00aecc7d32af,household,floating,fi,1015.68,eur,11.4308,2021-11-12,,2023-11-30
039a8b5b61f6250d2d1a82f0780da2dd4f474e4b96cdd33a0de08076df05a2e2,household,fixed,fi,29500.0,eur,11.4308,2023-09-11,2024-09-11,2023-11-30
03ad4bcdc34649c6b39f7569788ff8d151562cb7de259034ee9987dbbab4c29f,household,fixed,fi,1294.0,eur,11.4308,2023-11-02,2024-11-02,2023-11-30
03e22d162717e6bb9c93fc99d413ac28ac8013fbd9637f12508d2ad8f5c0331a,household,floating,fi,3387.0,eur,11.4308,2023-05-19,,2023-11-30
03ed09723e8ad0c468b7512742b8807d60c4e7b51e9e5e61bac8d3b2f96aa6b1,household,floating,fi,10011.07,eur,11.4308,2022-11-21,,2023-11-30
040b90e789896461da39971aa5f9e0e26f52ed244558d8891ae1b2b837ffb33b,household,fixed,fi,8000.0,eur,11.4308,2023-11-22,2024-11-22,2023-11-30
040fc8fb9f2f566faf7f072e28a37f65da7e6a3c07c89922e2c67d8538572468,household,fixed,fi,5089.29,eur,11.4308,2023-10-24,2024-10-24,2023-11-30
041725897dd966714e43ad749b37d56e1d9ee03743b1e496a3d7cf04ddd8a679,household,floating,fi,1701.08,eur,11.4308,2022-11-22,,2023-11-30
041995221d9195d8f922c8f2a98a2b705dcbd8cf0867b2de8ab0de4ea9d05ed5,household,floating,fi,50167.53,eur,11.4308,2022-12-01,,2023-11-30
041ee271fcc965d33b249b24f6964b3fea62c5b8dc70cf3d4df9e2ec80057fcb,household,floating,fi,10140.85,eur,11.4308,2021-12-02,,2023-11-30
0478af9ef1c8d0a8604681b26b2339225d335b5cd50fd7520254b76e178272a4,household,floating,fi,10043.1,eur,11.4308,2022-11-25,,2023-11-30
0481c24a9a0eb7545916cdb4a16d2bbf455a9423cf2e5abe5f13639497235654,household,floating,fi,10000.0,eur,11.4308,2022-06-22,,2023-11-30
04a3425ae4e88c566a668690dcbe3ca653afc68235c2b3365aa09c6ee9515503,household,floating,fi,1012.25,eur,11.4308,2021-11-12,,2023-11-30
04bbc7fcf432afedf430c316569297fa266795d813f64b992625daf27a7d9695,household,fixed,fi,0.0,eur,11.4308,2022-11-11,2023-11-11,2023-11-30
000b507ed1414d43d3128a73a2aae676d62670b4898a71f254bf2b0eb59ec323,household,floating,se,0.0,sek,1.0,2020-06-05,,2023-11-30
000ba41d35ab8ded4161e82cc04f781d4ad83d75a45c9ed1ae2739f39bb7881a,household,floating,se,1051.74,sek,1.0,2020-10-14,,2023-11-30
002019b5491782aeaa150d728fbff288e31e1262f431b5a71d9cd61f2f3e93b3,household,floating,se,1006692.5,sek,1.0,2020-06-02,,2023-11-30
002303f5b5e48ddab7579793c42db40629749412f78a4c95eb32292b05fa5b9b,household,floating,se,0.0,sek,1.0,2023-10-16,,2023-11-30
002a56219e3513e8d38f424a2f55542afa402239729ce4f426d443a38e096817,household,floating,se,0.01,sek,1.0,2020-01-01,,2023-11-30
00380a584af19040198191b957b7541f84fe59bd00932e1dba95bf60f5f07a25,household,floating,se,402500.38,sek,1.0,2020-10-03,,2023-11-30
003d1afaf0c3916f40434d49bd1f595e3baf60f814acc440624d94d298a73695,household,fixed,se,400000.0,sek,1.0,2023-10-18,2024-01-16,2023-11-30
003d732f34775c4dce3fb90f4050b7566f826353db3bd1f60b171aa39bcad4b9,household,floating,se,170818.06,sek,1.0,2020-01-01,,2023-11-30
0042155179cb3c47f0c4258097d3b58b46536fa8e92dfb849439e1bd8fa018f5,household,floating,se,60008.18,sek,1.0,2023-09-22,,2023-11-30
0046c1b1cd4e9ad7352bf7d2c789d5039838a2022cda78ba8d92a898837ba204,household,floating,se,900000.0,sek,1.0,2023-04-06,,2023-11-30
004ba360ef94647028204be9ad2ff3becef3d9859cc1a7900e6cb7037e3d1c60,household,floating,se,159467.86,sek,1.0,2020-10-03,,2023-11-30
004fde754eace554998e3b01dc88920ff50e99842368a20d4f41bef8afbdaf28,household,floating,se,185527.92,sek,1.0,2022-09-09,,2023-11-30
0053ff1795f05c51de9c1a6a0d82b14924199d6dde138ec3583634a18b8fa8d7,household,floating,se,50000.0,sek,1.0,2021-05-24,,2023-11-30
006128f57a63b717566b2569c9b6f9375512ac2d9d4d8abeaa15730c4b254d08,household,floating,se,1014699.36,sek,1.0,2020-10-03,,2023-11-30
006d1d692577cc3102e6b877eaaf9e7d3995ec337c60b5088b1bd7d4d0984755,household,floating,se,4793.69,sek,1.0,2021-02-22,,2023-11-30
007000c4d292eb9cd93320a2bf02a79eb31c69886f26eba8240acbb91143b854,household,floating,se,3000000.0,sek,1.0,2023-10-03,,2023-11-30
0072706682015e2bb4890f5cdbeb4aae49f240de2950c3778fe910098fcd3f02,household,fixed,se,50302.06,sek,1.0,2023-09-12,2024-09-12,2023-11-30
0076c3621f2aba6a4b05346aeb57e81f10d4de61905200759c4465ddaab786fb,household,floating,se,822486.27,sek,1.0,2022-04-06,,2023-11-30
0081475c05590bd52e79090e0a367c850c8cf7e355fd222abed1e3c1ce24b557,household,floating,se,960786.88,sek,1.0,2021-08-02,,2023-11-30
008215a73db6ec47edc8ad6c2d620f5c1ab2f8adbe1dbeba2366bdb832da2af2,household,floating,se,121755.65,sek,1.0,2021-02-01,,2023-11-30
0089538b7c3cf03dd789ac04cb4a25252af3cd36c4e7737b0ae77b53aab3cedf,household,floating,se,340592.73,sek,1.0,2020-10-03,,2023-11-30
00938e1f9fa5ecb483d0c4b89816485ee2a987b3343aae5e3840b6c7eda58e5c,household,floating,se,500000.0,sek,1.0,2023-06-16,,2023-11-30
00939399564bfc8f1c74049ea1b4c9c70e468c3c847be14c31675549f3e8e583,household,floating,se,127000.0,sek,1.0,2023-09-08,,2023-11-30
0095bbab36713b62d04b8890db52328aa1a49b92afbed8cf37d7734848791074,household,floating,se,0.0,sek,1.0,2020-12-09,,2023-11-30
00a35e228149241c2df93807dd68ef1a1a02082b8aa7dc18ec80ea1eab0de496,household,fixed,se,0.0,sek,1.0,2023-08-03,2023-11-01,2023-11-30
00a3c5e47c8ccca35e40f4d9523ff8666a05b082d2544e148ac979f784247887,household,floating,se,111111.21,sek,1.0,2022-02-04,,2023-11-30
00b60309caa7b457de10ef1a10247889c409d35fe278fdbb6557ca3498ca6fb3,household,floating,se,1035958.16,sek,1.0,2020-10-03,,2023-11-30
00b98fe76e455465339d293bb018229f0930afc88b457452715d426484b06b8c,household,fixed,se,81000.0,sek,1.0,2023-07-13,2024-07-13,2023-11-30
00c283d0746cf4befff6f17603bf00f1217b1f6269fe05c0ae37beda8e53f100,household,floating,se,15972.52,sek,1.0,2021-09-20,,2023-11-30
00ca5b64627f0aea8dba9acb43207940a8a9356f180b39cd12670b0ae12ac50c,household,floating,se,300000.0,sek,1.0,2023-08-30,,2023-11-30
00ce124c0b54400a888ddf01c38a699ff7ffce850fe5efa1f9c431d315714e24,household,floating,se,1000000.0,sek,1.0,2023-06-28,,2023-11-30
00ce4f033a9e22a13733221983d320caa4c25c0f2ad4fd1d274d49947b8a251b,household,floating,se,26333.89,sek,1.0,2022-10-03,,2023-11-30
00ceb960d6e6eb7147cab2554b433a1aaaaf91f0c5bf2da4b6b91a0a09ee91ab,household,fixed,se,1006041.1,sek,1.0,2023-09-27,2023-12-26,2023-11-30
00d63c29b140a9a40775bb588c50681f7a9fe0fdee72e09ace90b9d9cc244afe,household,floating,se,1040500.0,sek,1.0,2023-10-26,,2023-11-30
00d679352f80968ec710935b8a54e9916733c375f898971dbaade4abdb7080a1,household,floating,se,1007462.22,sek,1.0,2020-10-03,,2023-11-30
00d6a2f83314bc34f16dda427f2bd202d5b83ebe4747c357fd2dfc2749837f9a,household,floating,se,0.0,sek,1.0,2020-01-01,,2023-11-30
00dc035fe817374d874e3d50f94bb239c088c8fa002e5fd379f7cfa4f81a71c5,household,floating,se,0.28,sek,1.0,2020-11-18,,2023-11-30
00dd93d383b295611016ffaa57f1f8fd90fb1316bcfecabdbdb5fecc6730c6eb,household,fixed,se,15000.0,sek,1.0,2023-10-30,2024-10-30,2023-11-30
00dda828bcb1417b9c4fa92d7ae004e84ecb68818eae549a9e136d944874dc0b,household,fixed,se,200000.0,sek,1.0,2022-12-08,2023-12-08,2023-11-30
00e20e1ad07b384fbe4bab0ca7676ad350e4ea2615393efcee8d0e7276fc2946,household,floating,se,350246.15,sek,1.0,2022-11-28,,2023-11-30
00e5381ac22dc499a8aafa1d573c6b3fd74d342639bc0946e3a2e5c73f7cc642,household,floating,se,919850.14,sek,1.0,2021-08-18,,2023-11-30
00e98cb61dc55a8b4ef519b03520e8ac054b80ecffe9886f3c493eff4b5e77b2,household,floating,se,11228.78,sek,1.0,2020-10-03,,2023-11-30
00eb477c5e9055970543cd99aaf09388ecd9c06bc214b6757c39237e203de87a,household,floating,se,59.37,sek,1.0,2022-02-13,,2023-11-30
00ef034f5fe9888f96a35e74d573908c8a3d747ba9b9e9394110c42e55103548,household,floating,se,0.0,sek,1.0,2020-11-02,,2023-11-30
00f312a6c6b3860928d542aa257bcabb7579aa15839c188365a5f4b50eaca634,household,floating,se,0.0,sek,1.0,2020-01-01,,2023-11-30
01017fafbe8b82ae7eff152d98d5b828fae20491bba839e94772236b85a967b0,household,fixed,se,700000.0,sek,1.0,2023-11-29,2024-11-29,2023-11-30
0106c8bd969d8b3004f2cf7ef431dd8335e5281c573152094507310261803668,household,floating,se,1010666.34,sek,1.0,2021-07-12,,2023-11-30
011452992758e54f4913db4638aa4b42dd247822f6d2af5a3171240ba5519e35,household,floating,se,229819.52,sek,1.0,2021-09-13,,2023-11-30
011f69cf0d5f457ee52c0f051fee3ce6992739056a15b451f0ac32452816c2fe,household,floating,se,15017.36,sek,1.0,2021-11-10,,2023-11-30
01328316259ab590e4effa25b720969216a4fb589174547c1005714e55f4a94f,household,fixed,se,500000.0,sek,1.0,2023-09-27,2023-12-26,2023-11-30
01411063fc48db0791de6fcfc457f5c70c384ca46f20729247721a6d89ed5007,household,floating,se,135.84,sek,1.0,2020-06-29,,2023-11-30
0144fa6105e4810d2d65ba416c1dcf634fb05699ceee35e8cce446495f8ec368,household,floating,se,10.03,sek,1.0,2022-09-26,,2023-11-30
014f110e5dede5c215cb924ec4d4ac64ef1e10eb7a4f640fc0ab5e0aacd3a5c5,household,floating,se,19710.01,sek,1.0,2020-10-03,,2023-11-30
01541588f8d272a30132c3f62924376ccd9378ccd8ad4fc3a2b97e5e0d20f3e8,household,floating,se,44447.33,sek,1.0,2020-10-21,,2023-11-30
015566d5edad3e0be00c9340ebfb9f4a066607b0f47b2f8f566fa45b73f2241b,household,floating,se,0.0,sek,1.0,2023-03-27,,2023-11-30
015f24e76ce3a2eedea890ddb9399effdb8a5de60f88867cde74c64bea7f6036,household,floating,se,50356.33,sek,1.0,2021-08-23,,2023-11-30
0162fb028c9fc363f03968c2f79cd2cac74a3bc0594a3c4a6aea3d3d5bdf772a,household,floating,se,315000.0,sek,1.0,2020-10-03,,2023-11-30
0164701c2b3eb24a145ba0f163d8358b411056f0887e1918116987990cbd2731,household,floating,se,1050000.0,sek,1.0,2020-10-03,,2023-11-30
016fc911d4546d74b66029bb451b7863ce6a0e0b4654cb3bf9f9301122571ca7,household,floating,se,2401.85,sek,1.0,2021-09-17,,2023-11-30
017402cd56fdbb74685a00424f51af7ac82155201fddbd14d35412b4b847853f,household,floating,se,0.0,sek,1.0,2021-02-09,,2023-11-30
0176341b25127511fb35c83b59721f5405705cbf4f529c9f294255daf72fd9e0,household,fixed,se,300000.0,sek,1.0,2023-01-23,2024-01-23,2023-11-30
01771bd98a03c8ca89e8121af30cb5c560df555a6050d506b6c6d5798e5ea002,household,floating,se,4.51,sek,1.0,2023-02-17,,2023-11-30
0181d96860a47cce317220eceff1853ff7b0b625a9a2b1fcf87a730f38b25780,household,floating,se,993781.24,sek,1.0,2022-11-01,,2023-11-30
0187950b3204655cc604f033ec1a8fab15910e4831893c9bdf3a68484ae4f869,household,floating,se,1006731.51,sek,1.0,2023-08-31,,2023-11-30
0189cabca501f23c8b25eef53e47238aea4222888877ae5002b942072a37fa51,household,fixed,se,250000.0,sek,1.0,2023-03-14,2024-03-14,2023-11-30
018a1eb0b9d3ff1fc3ceb95e26f002efe6d7fa6d1d577e6c9e77134d94bc1c71,household,fixed,se,100000.0,sek,1.0,2023-04-12,2024-04-12,2023-11-30
019685ce607d7b2efa2401b6903a4f5f8f6694e4649c40a0b6a7474c47905596,household,floating,se,0.0,sek,1.0,2021-02-05,,2023-11-30
019a8f3df40cef814c72f669b3968a879060c8535231950e50f54d31c70247b5,household,floating,se,40000.0,sek,1.0,2023-08-10,,2023-11-30
019ad3c9fde696ddba3d2313f621693ec111fc41164151a59cf463165a2aa1de,household,floating,se,1516.07,sek,1.0,2020-10-03,,2023-11-30
019d5b46994f95666135fb0556bba9a36432d5f11697cc86b785f592862b0415,household,fixed,se,230000.0,sek,1.0,2023-10-30,2024-10-30,2023-11-30
01a09ddc5e1db76b4028cc0737d3127a101659a44a3006a48b0eab5d2147a760,household,floating,se,341787.66,sek,1.0,2020-10-03,,2023-11-30
01a20177d4d5715f3a74286d59c79cb56571a7efa05ba9e121ee5ddd1789df09,household,floating,se,33.2,sek,1.0,2020-02-23,,2023-11-30
01a9e61e12bc9de64d8b55aef969900f94851f2c94caa043ba966242e36f538c,household,fixed,se,305670.0,sek,1.0,2023-11-20,2024-11-20,2023-11-30
01b39313c6f954a62221a4c1f25246fbbc6b3b9b8d95cee0e9c727f3f873f567,household,floating,se,0.0,sek,1.0,2023-07-09,,2023-11-30
01b3d9b4b7fbffb95074af616641430b05c256a9f92ada07fdea3e1b32692eb9,household,fixed,se,181000.0,sek,1.0,2022-12-07,2023-12-07,2023-11-30
01b45c987d203c7510100dcc59972087db0d7d64ed4f988ecf99eff1dcd2ace2,household,fixed,se,300000.0,sek,1.0,2022-12-15,2023-12-15,2023-11-30
01c41efeae3d70a1d05f80fa4cea5612bda579a532cc11c995c2ea8e36d3553b,household,floating,se,0.0,sek,1.0,2020-10-03,,2023-11-30
01c55358d2a7a2fcaece25ba1a85cc0e49e99001b58ee91779333714b708753c,household,floating,se,1039257.36,sek,1.0,2021-09-09,,2023-11-30
01d59769d9e7c160a5ec5820d64c6c857f1c378dc8010f8d98d893300094be87,household,fixed,se,817290.32,sek,1.0,2023-06-05,2026-06-05,2023-11-30
01dfd9df72119cd7e24bfb1191f8a89a2df724958ab64952cb4dde78c885b379,household,floating,se,350607.74,sek,1.0,2022-02-21,,2023-11-30
01e53a08c582e34fb204f06a619bdf9ce863c47f2c19e69e2a63f1c947e96b7c,household,floating,se,449.32,sek,1.0,2020-11-11,,2023-11-30
01e753c21b3b3583d51e3c1cdc04af1da4f5971d7df8d6eacb014e867e314b23,household,floating,se,0.0,sek,1.0,2022-02-20,,2023-11-30
01f3350559d87f303f9be61571678264c6d2df050101fc33a680d988a4545056,household,floating,se,0.0,sek,1.0,2023-08-22,,2023-11-30
01f961ce0380368d3fb369263b34d64f004a763b2d91330aeb1afac832be3ad0,household,floating,se,0.5,sek,1.0,2021-09-14,,2023-11-30
01faa568c988e0e12598cd12b3b7537cbb8f3d4fecb5a758def328a4dbce20bb,household,floating,se,250621.44,sek,1.0,2020-10-03,,2023-11-30
020755142007a2041b1415788efeb7e14ca7bb9d7b38bb222ece97afc838e0ef,household,floating,se,492277.81,sek,1.0,2022-10-27,,2023-11-30
020fcd49c7accec46b2942e621158702c1fbf90fa0dcee67f996be33a7f23109,household,floating,se,316704.48,sek,1.0,2021-07-06,,2023-11-30
02117e7cce8e667b02be007ffbb86bb6e3c6d3a2434d4787ad92dacb53d7ac46,household,floating,se,0.0,sek,1.0,2023-06-26,,2023-11-30
0217a143a2362253821a6a1b3143dc06671628c0e2b780a9b91b7c15f8dd3b88,household,floating,se,0.48,sek,1.0,2021-01-04,,2023-11-30
021989232ba31034e3ca2b46cf7198754ed6d6fbff0849f91aa1c8b1b5860196,household,floating,se,2656.93,sek,1.0,2020-12-22,,2023-11-30
02200b5fedd04955ff2e5c1f9ddc877d653b7f7068a8c8d25c1015f456ad9977,household,floating,se,236292.61,sek,1.0,2021-01-20,,2023-11-30
023857466b6f7f074089eaf2a265066fabc272f34b085d83d01281d5aacdd8ac,household,floating,se,5.63,sek,1.0,2020-04-07,,2023-11-30
0238b35dfa072b532a2e0724b45b7fe0272815ce01ac9a2cebcd2c889cfa0264,household,floating,se,10096.8,sek,1.0,2021-11-08,,2023-11-30
023998948d4312c94040d5de49177d056c83c53a76d6b5cadc4ea23ffb06d67d,household,floating,se,19.93,sek,1.0,2020-12-10,,2023-11-30
024ef305c4b10a1084adf6f7ceed3f4cc005b79ffd90f5b4106936f130933e76,household,fixed,se,200000.0,sek,1.0,2023-10-17,2024-10-17,2023-11-30
02585e376e70c177a6a2053ff5c1f3bc2e9a89df1686f6ac2086b8b8e4bc5c1d,household,floating,se,512902.91,sek,1.0,2021-08-24,,2023-11-30
025a13c69c1ae3f6bdee9b1fd45e16207a311e14dbd582d99737dcc5e4e92a72,household,floating,se,82859.05,sek,1.0,2022-12-01,,2023-11-30
025db427d4f781c960776376ac2c8276cdfafa37627724a7e5d18bb4e910716e,household,fixed,se,50000.0,sek,1.0,2023-02-10,2024-02-10,2023-11-30
0263c888d18081617f5205f6404457d0e45ecae22be452a95aaede9ee0d707c6,household,floating,se,19640.29,sek,1.0,2020-10-03,,2023-11-30
026cbf6e30d33d09624b0117b22d6ccbbb852e2bd6bf468b6e4518b19b08bb0b,household,fixed,se,1000000.0,sek,1.0,2022-12-13,2023-12-13,2023-11-30
026ef4d0712842e0a3ed3461c7a7f2f8a4824733b9ef180a4c11a494a835c814,household,fixed,se,10411.0,sek,1.0,2020-10-20,2024-10-20,2023-11-30
0276f45bd02f7210fb830f01c7a61fc671c79c4ad5f9fb10bda1085c3fce1fef,household,floating,se,137665.98,sek,1.0,2021-11-22,,2023-11-30
0283a9f519a63af96767bb5acfd7c712fd57e75c001181031065af40140b1eb7,household,floating,se,453135.59,sek,1.0,2021-02-16,,2023-11-30
0285f34f2505a68c52b36e32a0aab8a0e1fbbd697d5015921ab26bcecb11be40,household,floating,se,76000.0,sek,1.0,2023-09-21,,2023-11-30
028c72abd9b778449bfd1417c61a190d08e4f157ed03b6342c80ed6aba22f150,household,floating,se,135743.16,sek,1.0,2021-12-08,,2023-11-30
028cac432cd17ce8b3fa157d0a0bc1348523e4f897b858f9f59c1b3b1bbcaccb,household,floating,se,814294.48,sek,1.0,2020-10-03,,2023-11-30
028d909264d0c1013a6ae7a1e33781eac1ff813302a2d96fef88fc70c9018384,household,floating,se,255436.98,sek,1.0,2022-08-03,,2023-11-30
029697fa8fa527ba21d1569786c88adb2441c215d12f0c1bace931edb4548d29,household,fixed,se,720000.0,sek,1.0,2023-09-13,2023-12-12,2023-11-30
029f02a260b7b938d89b142be1c2f17707a168a8e0b3cba0df1f86d089d9aa09,household,floating,se,1000000.59,sek,1.0,2024-04-10,,2023-11-30
02aba3dacc7351d5129b414c5945eaddf158329cdd50758798461e49c18a5999,household,floating,se,206613.76,sek,1.0,2020-11-23,,2023-11-30
02ad0e95180113e68ef8cc88d2aa00b7a852c58af2d7b8ac76bfda5fbb8dd5ad,household,floating,se,1031683.57,sek,1.0,2022-01-17,,2023-11-30
02b57523b1444b441c7bcf0a1efb0abf094f9151673fb2021b3694275ee20ccb,household,floating,se,498.04,sek,1.0,2020-01-01,,2023-11-30
02b73da98d6d44b974fceb1f7f5b996e381f9b1aaed7054bd49a58884317ab6a,household,floating,se,300000.0,sek,1.0,2023-08-09,,2023-11-30
02bb0624a297618040d9cc44ff5d3afb5898b57479a87c004179c539394e10aa,household,floating,se,333761.2,sek,1.0,2020-11-18,,2023-11-30
02bb0c894ec1e4a34897a1e8074b38ed80bb22487ca4070dc7a3e3d595067107,household,floating,se,138507.11,sek,1.0,2022-11-07,,2023-11-30
02bc385f911ab75bb29239d2a04ba67e031f2f46962274be23accf31c5dd60da,household,floating,se,978881.33,sek,1.0,2020-10-03,,2023-11-30
02bd1f75a3438ddbab82c5604992955c24a9aea0a4c1a7a26ae2f86631e138e3,household,floating,se,861588.05,sek,1.0,2021-06-29,,2023-11-30
02d0adb7f9e66638062226fdc27f2756558cca0e53fbb6498331a19b60b5755f,household,floating,se,948209.35,sek,1.0,2020-10-03,,2023-11-30
02d0bbaf0aa23b9950f0977fd67e30e35b6f1b6117a79198bc8c64fd498b658e,household,floating,se,88647.05,sek,1.0,2022-01-31,,2023-11-30
02d35112e727caaf41af1f718fcae97e2c2fc7dc1b8836b37afdd70d30fb2d07,household,floating,se,0.0,sek,1.0,2023-02-15,,2023-11-30
02eaf472d6b85d6f882da0e58ba907413caacc9d7b382ea667e1b73fe6d09508,household,floating,se,3001.66,sek,1.0,2021-11-05,,2023-11-30
02ec0a1615c2195803667ec59e70054758a587246b865c8a36061e87f3995d8d,household,floating,se,0.0,sek,1.0,2022-05-06,,2023-11-30
02f0d515d6efc39f468d2b54736251769f65920aa13ed5f5f9add3a7b978502c,household,floating,se,170000.0,sek,1.0,2023-10-24,,2023-11-30
02f5333e2e0705a01d064ba8cbf1c9cba1b9da1696e91fab29dcf51cbf0c6b89,household,fixed,se,100000.0,sek,1.0,2023-04-27,2028-04-27,2023-11-30
02fdb06a4ec56af64ad312f41a86151b929d30b7d0e4e109b308f263a308e0ca,household,floating,se,212.42,sek,1.0,2020-01-01,,2023-11-30
0301fa84a94ebc2994ef753843f1552bc4ae0bd10cf7ed5812223d43032b0579,household,floating,se,0.4,sek,1.0,2020-04-22,,2023-11-30
0311752fa5009e530d54ee2ee0fcda0635deef8d4f8c4861256204223d5b73ea,household,floating,se,414763.03,sek,1.0,2022-12-21,,2023-11-30
031175bb35a6510ceba20ab0759756f6ae8ca21dcdb92d6ceb5712279207b0b1,household,floating,se,1009662.49,sek,1.0,2021-11-09,,2023-11-30
03194475eb80095ffc9269b3fabf5b6448d3fadb93ad5a499261bed31fd9e3fd,household,floating,se,73000.0,sek,1.0,2023-11-07,,2023-11-30
031a00d9e57e94e901c7c9cd14a21df826078d98ed90de7159d6d5eb3742902c,household,floating,se,166679.12,sek,1.0,2021-07-29,,2023-11-30
031cc055b3cbce46f11ffe5af3b30180e8648ab0fd37fc63c65ef018e849242d,household,floating,se,209.04,sek,1.0,2022-01-07,,2023-11-30
0323e385f541524e9958cd1aa1f9631fc1d930c69aebffbb8cc52c6aa239a9be,household,floating,se,0.69,sek,1.0,2022-11-10,,2023-11-30
032475622866cfaac61803fdc2444003aa4ac4178ccdebc75ee4f8d4b1ddf2f1,household,floating,se,0.0,sek,1.0,2020-05-11,,2023-11-30
0329620379a74f6af6c192748db1e77f2b5acd47bd40d455f523f5ccd11d08af,household,floating,se,203849.04,sek,1.0,2023-06-23,,2023-11-30
03299b38da07f4c9ab091e2b491521a3ebc0444c4841c84700dacedf5be21dc3,household,floating,se,869220.42,sek,1.0,2020-10-03,,2023-11-30
033aebf655927db02479166c66a20c285d0b4b1e5cbfbf24ea5c0ad730cc54cd,household,floating,se,300539.29,sek,1.0,2023-09-12,,2023-11-30
034faf27181924e7fc4ae7dfeb978bde5e64250cc6986cebe3349a861d9f8285,household,fixed,se,75000.0,sek,1.0,2023-05-02,2025-05-02,2023-11-30
03545126f565f9e2e4aa5d0a71c1ddb74e24414a22a48ee62937d9c60faf94ab,household,floating,se,855583.27,sek,1.0,2020-03-28,,2023-11-30
035832c3e105387171781163c378ab6b307c422af9e88cf937ce5fc5632a30b0,household,floating,se,3.36,sek,1.0,2020-10-30,,2023-11-30
036f43abf2b28c159b38fcbad45a823bdc02595abb17d65a3e1719a15879251e,household,floating,se,2017.6,sek,1.0,2021-01-06,,2023-11-30
03959a743aacc265cb4cb341ce2dd22c2d61e646cbfa23f09415e3af302e758b,household,floating,se,93748.36,sek,1.0,2023-05-24,,2023-11-30
0395bb1b331408991c19ab2e9e887c928fc0291607bb895637a869ed985e9328,household,floating,se,230000.0,sek,1.0,2021-01-10,,2023-11-30
03967ee3ac47c02f864492b00590a9b06b0506460077258849250c4baf9df852,household,floating,se,0.99,sek,1.0,2020-01-01,,2023-11-30
039cc68341c763d8dea083f37dca70b2aa9fb26a798e1acceb1e8f6c201b680d,household,fixed,se,700000.0,sek,1.0,2023-09-20,2024-09-20,2023-11-30
03a3073f36dccb615d7fd5ff8d1063bf854719d3e53cb66eb95173cd860c6e62,household,floating,se,1036.0,sek,1.0,2020-04-08,,2023-11-30
03a55cb670aa21a82350c5cb1be34237df9e9095fda8b26651dbbf28e1ebd1b0,household,floating,se,41.06,sek,1.0,2020-01-01,,2023-11-30
03aacf712853b3a9326896f0952d547e5afb5908451059eef70ef1d2f24393aa,household,floating,se,530000.0,sek,1.0,2020-10-03,,2023-11-30
03ad213f3bfd8143b6f1fa5f547915336e13f8c802dca76f9efb9f0e85279b70,household,floating,se,35.61,sek,1.0,2020-01-01,,2023-11-30
03b322bf48e1f874d6271e65294bfea10a753f1162afcb4c98998ac3c88b13f1,household,fixed,se,750000.0,sek,1.0,2023-09-26,2023-12-25,2023-11-30
03d001da5f52936b57bf7fb56b26b8ca72f9704e6bd2b4fa6d9493777afe3927,household,floating,se,156766.57,sek,1.0,2021-03-11,,2023-11-30
03d2e9d7e5f6f044cb4c95445de001bea3b272c48f215e2e480550fe91397d43,household,floating,se,0.45,sek,1.0,2020-01-01,,2023-11-30
03d317238a1bf1f0c279058c404e3f986b9730f09a04d61bd862e154e34ac2ea,household,fixed,se,20000.0,sek,1.0,2021-10-27,2026-10-27,2023-11-30
03f545ddbc603d74fa78653fd3b0525bcb3017c2a40f4327a7dd9ac243b118ee,household,floating,se,56395.47,sek,1.0,2022-02-15,,2023-11-30
03fd2e55f3a81683015609d60f42d079826f08bf115201b5c307b6c2bdf9295d,household,floating,se,1011794.32,sek,1.0,2021-07-14,,2023-11-30
040173e4f2d334b82fef7ce076e3d0a5e1971dbfc6af17e3a48c5620d818d3ea,household,floating,se,146128.29,sek,1.0,2022-10-10,,2023-11-30
0402c3ca78ef0159826e08e22f9681710e0e2dcc17f0f7c45582fc96a39a0e70,household,floating,se,868218.78,sek,1.0,2021-11-04,,2023-11-30
041bc36927f34f752e3f5e07a7f74acd1909da2d3314eb1f4a3e38c30b3cdb88,household,fixed,se,0.0,sek,1.0,2023-08-30,2023-11-28,2023-11-30
04228a1746b182cc736cd4d99daa036a09b83a1b8d4522de4224128e4f7e8aca,household,floating,se,492771.25,sek,1.0,2022-04-14,,2023-11-30
0422d65129aeec2a015583892c5ed02d9c001020bfbb6d96eef93e01f24284a7,household,floating,se,0.0,sek,1.0,2020-04-10,,2023-11-30
04299364c446e9a7c772abcbdd972a91a59c615ed927d16036f521dd66b8805d,household,fixed,se,100000.0,sek,1.0,2023-01-23,2025-01-23,2023-11-30
043c3a44459ff73caa1246f2f4ffea6608d92b26eadcf111ab7cc24c392c936f,household,floating,se,253134.44,sek,1.0,2022-09-26,,2023-11-30
04441be1ec1da9b3be22df41832f9b4fbb7b93034b000e833469924a439e7397,household,floating,se,254977.46,sek,1.0,2020-10-03,,2023-11-30
0444e8ca45b821c99e94e0ad471847ed257cd82cfafaa1e95b861ace67216f80,household,floating,se,21.91,sek,1.0,2020-01-01,,2023-11-30
044608ebad7cdb95898dfb2a2634512dd78aa7bc37f03f878045a00686578e91,household,floating,se,135000.0,sek,1.0,2021-09-16,,2023-11-30
044b3caaf0662425d1c01734ed9a8693bdcd4c818fc5bf9bf610f1705af5d20d,household,floating,se,70000.98,sek,1.0,2021-06-21,,2023-11-30
0480fc06eb2ca3808cd35ece78bed1878abe83778be0f22645553650b3882e84,household,fixed,se,50000.0,sek,1.0,2022-12-07,2025-12-07,2023-11-30
04a2607eb161a678aa4af003b35865d333a6c54471ce6eca5740acd6aa26e1ff,household,floating,se,930170.15,sek,1.0,2020-10-03,,2023-11-30
04a7d107bba54fa9684214a25728239ea723141e6b0ae2d9b1d706e190b6f904,household,floating,se,961876.04,sek,1.0,2021-06-07,,2023-11-30
04b2846236ed3f45e0c37d2dc57a5c6735a76441c9b3467add06ffa8a4b91269,household,floating,se,102302.13,sek,1.0,2020-10-03,,2023-11-30
04b35e1949dc5d2a7c82632cd4b8c469fcdce7645ea39e3a734e8fb474753ac4,household,floating,se,377889.9,sek,1.0,2021-09-24,,2023-11-30
04b5c7b9e3da8bdc9deb3bfd0507b198e5b24f944d57fe413f8e14ad55f3a961,household,floating,se,253255.16,sek,1.0,2020-10-03,,2023-11-30
04b75d1e112726d46c327411bb39db710d1a6e1aabb7a039b0810495ff4eda1f,household,floating,se,817081.0,sek,1.0,2023-02-07,,2023-11-30
04b9d4c51f1f1c3e507f034f99bae3379b75e7a392a97c1b615a774f4fad0410,household,floating,se,890000.99,sek,1.0,2020-10-03,,2023-11-30
04bc045db30f8d999a2a01ef372d3c128585b147ec173a0984d6a995593cd4f7,household,floating,se,154.03,sek,1.0,2021-02-05,,2023-11-30
04bc3ae6e06c752e23bed1f1bdeb2f2ec19ffa339ab3d7d38447fee5bddf2bd0,household,floating,se,0.0,sek,1.0,2023-10-13,,2023-11-30
04bd15293addde1a3002fb29547936354c28b09c079f73b3c1fb4d277dc49c4b,household,floating,se,0.42,sek,1.0,2020-01-01,,2023-11-30
04c26c63c7b88b93290fff10c0ea512cf8dbe8eba1b7cb6741e7bebf0db04164,household,floating,se,170753.4,sek,1.0,2021-01-07,,2023-11-30
04c601696d30399ec2e3c4647ed8039dff1612163a350edfa86029774c9396af,household,fixed,se,508000.0,sek,1.0,2023-02-01,2024-02-01,2023-11-30
04cf31a7c4a0615784bcae91023f986d22301c9c5dbfab9727f8c86e0d385968,household,floating,se,407541.11,sek,1.0,2021-08-30,,2023-11-30
04d4c1d959c2bf32e9c3797161aeaaddcb55a5658e65c956260d5340b22e12ff,household,floating,se,506702.42,sek,1.0,2021-04-12,,2023-11-30
